0,141217,20,-0.07%,5.2252,159901,159901,5.2264,深100ETF,深100ETF,-3.81%,399330,0.00%,深证100,23:50:04,15:00:03,2020-01-23,0,3.182,23.210,5.223,-0.66,73.76,18860.36
1,65846,50,-0.09%,3.4470,159902,159902,3.4470,中 小 板,中 小 板,-3.45%,399005,0.00%,中小板指,23:50:04,15:00:03,2020-01-23,0,3.688,27.961,3.444,0.86,22.68,8153.41
2,37615,300,2.24%,1.1786,159903,159903,1.1786,深成ETF,深成ETF,-1.95%,399001,0.00%,深证成指,23:50:04,15:00:03,2020-01-23,0,2.759,24.923,1.205,0.00,4.53,263.61
3,98094,50,0.07%,1.9670,159905,159905,1.9677,深红利,深红利,-3.90%,399324,0.00%,深证红利,23:50:04,15:00:03,2020-01-23,0,2.429,16.100,1.969,0.11,19.31,12090.02
4,13564,100,0.93%,1.0649,159906,159906,1.0700,深成长,深成长,-2.44%,399346,0.00%,深证成长,23:50:04,15:00:03,2020-01-23,0,3.781,22.898,1.080,-0.02,1.46,490.60
5,15860,150,0.45%,1.3925,159907,159907,1.3927,中小300,中小300,-4.57%,399008,0.00%,中小300,23:50:04,15:00:03,2020-01-23,0,3.137,29.957,1.399,-0.02,2.22,90.76
6,6723,150,0.18%,1.6526,159908,159908,1.6531,博时创业,博时创业,-3.33%,399006,0.00%,创业板指,23:50:04,15:00:03,2020-01-23,0,5.818,54.313,1.656,0.00,1.11,63.65
7,7002,25,0.02%,5.6975,159909,159909,5.6977,深TMT,深TMT,-3.52%,399610,0.00%,TMT50,23:50:04,15:00:03,2020-01-23,0,5.243,47.168,5.699,0.00,3.99,449.96
8,70491,100,0.08%,1.9644,159910,159910,1.9645,深F120,深F120,-3.72%,399702,0.00%,深证F120,23:50:04,15:00:03,2020-01-23,0,2.325,18.224,1.966,0.00,13.86,380.43
9,1247,50,0.18%,4.3425,159911,159911,4.3443,民营ETF,民营ETF,-2.05%,399337,0.00%,深证民营,23:50:04,15:00:03,2020-01-23,0,4.490,30.753,4.352,0.01,0.54,813.06
10,8795,160,1.41%,1.4247,159912,159912,1.4249,深300ETF,深300ETF,-1.97%,399007,0.00%,深证300,23:50:04,15:00:03,2020-01-23,0,2.869,23.642,1.445,0.00,1.27,254.48
11,3633,100,-0.20%,2.0133,159913,159913,2.0140,深价值,深价值,-4.74%,399348,0.00%,深证价值,23:50:04,15:00:03,2020-01-23,0,1.737,13.532,2.010,0.02,0.73,9.05
12,971345,200,-0.06%,1.8537,159915,159915,1.8541,创业板,创业板,-3.39%,399006,0.00%,创业板指,23:50:04,15:00:03,2020-01-23,0,5.818,54.313,1.853,0.11,179.99,122034.98
13,22807,50,0.34%,4.3744,159916,159916,4.3753,深F60,深F60,-3.33%,399701,0.00%,深证F60,23:50:04,15:00:03,2020-01-23,0,2.322,16.715,4.390,0.07,10.01,156.52
14,7756,100,-1.27%,1.6039,159918,159918,1.6043,中创400,中创400,-4.12%,399624,0.00%,中创400,23:50:04,15:00:03,2020-01-23,0,2.898,43.135,1.584,0.00,1.23,14.74
15,653242,90,-0.31%,4.0635,159919,159919,4.0635,300ETF,300ETF,-3.18%,399300,0.00%,沪深300,23:50:04,15:00:03,2020-01-23,0,1.484,12.145,4.051,-2.01,264.63,138927.37
16,62728,45,0.48%,5.6912,159922,159922,5.6888,500ETF,500ETF,-2.97%,000905,0.00%,中证500,23:50:04,15:00:03,2020-01-23,0,1.887,25.291,5.716,0.18,35.86,27565.59
17,1729,100,0.00%,1.7498,159923,159923,1.7500,100ETF,100ETF,-2.67%,000903,0.00%,中证100,23:50:04,15:00:03,2020-01-23,0,1.376,10.912,1.750,0.00,0.30,146.04
18,94320,200,-0.25%,1.7692,159925,159925,1.7704,南方300,南方300,-3.13%,000300,0.00%,沪深300,23:50:04,15:00:03,2020-01-23,0,1.484,12.145,1.766,-0.14,16.66,751.12
19,111966,50,0.36%,2.8941,159928,159928,2.8966,消费ETF,消费ETF,-3.81%,399932,0.00%,中证消费,23:50:04,15:00:03,2020-01-23,0,6.395,31.058,2.907,0.13,32.55,10315.37
20,30470,50,0.17%,1.6238,159929,159929,1.6242,医药ETF,医药ETF,-1.81%,399933,0.00%,中证医药,23:50:04,15:00:03,2020-01-23,0,4.208,38.768,1.627,0.04,4.96,7914.99
21,6240,50,0.50%,0.6746,159930,159930,0.6746,能源ETF,能源ETF,-2.73%,399928,0.00%,中证能源,23:50:04,15:00:03,2020-01-23,0,0.911,13.924,0.678,0.01,0.42,500.69
22,1833,50,2.32%,1.7193,159931,159931,1.7192,金融ETF,金融ETF,-1.40%,399934,0.00%,中证金融,23:50:04,15:00:03,2020-01-23,0,1.078,8.319,1.759,0.01,0.32,68.35
23,2251,100,0.26%,1.5088,159932,159932,1.5100,500深ETF,500深ETF,-2.01%,399802,0.00%,500深市,23:50:04,15:00:03,2020-01-23,0,2.004,30.620,1.514,0.00,0.34,64.08
24,18988,50,4.18%,2.1424,159933,159933,2.1443,金地ETF,金地ETF,0.95%,000914,0.00%,300金融,23:50:04,15:00:03,2020-01-23,0,1.074,8.180,2.234,0.00,4.24,0.64
25,10657,200,3.43%,1.4955,159935,159935,1.4976,景顺500,景顺500,0.19%,000905,0.00%,中证500,23:50:04,15:00:03,2020-01-23,0,1.887,25.291,1.549,0.00,1.65,9.31
26,23216,200,1.93%,1.4311,159936,159936,1.4323,可选消费,可选消费,-1.75%,000989,0.00%,全指可选,23:50:04,15:00:03,2020-01-23,0,2.050,27.116,1.460,0.09,3.39,72.66
27,175428,100,-0.01%,1.4478,159938,159938,1.4482,广发医药,广发医药,-2.03%,000991,0.00%,全指医药,23:50:04,15:00:03,2020-01-23,0,4.059,40.502,1.448,0.49,25.40,7173.65
28,140683,200,0.28%,1.2710,159939,159939,1.2725,信息技术,信息技术,-3.63%,000993,0.00%,全指信息,23:50:04,15:00:03,2020-01-23,0,4.493,79.610,1.276,0.66,17.95,13913.68
29,64906,100,-0.09%,1.0305,159940,159940,1.0309,全指金融,全指金融,-3.38%,000992,0.00%,全指金融,23:50:04,15:00:03,2020-01-23,0,1.085,8.438,1.030,0.02,6.69,216.16
30,2184,30,-0.65%,11.6316,159943,159943,11.6360,深证ETF,深证ETF,-3.51%,399001,0.00%,深证成指,23:50:04,15:00:03,2020-01-23,0,2.759,24.923,11.560,0.00,2.52,74.67
31,2961,200,2.66%,0.7467,159944,159944,0.7471,全指材料,全指材料,-1.41%,000987,0.00%,全指材料,23:50:04,15:00:03,2020-01-23,0,1.792,19.738,0.767,0.00,0.23,12.72
32,4607,50,0.11%,0.6109,159945,159945,0.6113,全指能源,全指能源,-3.32%,000986,0.00%,全指能源,23:50:04,15:00:03,2020-01-23,0,0.935,14.069,0.612,0.00,0.28,11.99
33,61320,50,0.15%,2.0147,159948,159948,2.0149,创业板EF,创业板EF,-3.35%,399006,0.00%,创业板指,23:50:04,15:00:03,2020-01-23,0,5.818,54.313,2.018,0.04,12.37,1263.20
34,858179,100,0.15%,0.7096,159949,159949,0.7099,创业板50,创业板50,-3.00%,399673,0.00%,创业板50,23:50:04,15:00:03,2020-01-23,0,6.524,62.192,0.711,-0.04,61.02,59181.24
35,1832,300,2.22%,0.8821,159951,159951,0.8824,中关村A,中关村A,-1.42%,399422,0.00%,中关村A,23:50:04,15:00:03,2020-01-23,0,2.167,32.071,0.902,0.00,0.17,1.62
36,127598,100,0.16%,1.1113,159952,159952,1.1112,创业ETF,创业ETF,-3.72%,399006,0.00%,创业板指,23:50:04,15:00:03,2020-01-23,0,5.818,54.313,1.113,0.00,14.20,5997.43
37,2717,200,0.81%,0.7556,159953,159953,0.7559,工业ETF,工业ETF,-2.93%,000988,0.00%,全指工业,23:50:04,15:00:03,2020-01-23,0,1.686,20.970,0.762,0.00,0.21,4.23
38,2283,200,-0.12%,1.0342,159955,159955,1.0362,创业板E,创业板E,-3.09%,399006,0.00%,创业板指,23:50:04,15:00:03,2020-01-23,0,5.818,54.313,1.035,-0.01,0.24,193.28
39,5398,100,2.07%,1.0979,159956,159956,1.0983,创业板F,创业板F,-1.41%,399006,0.00%,创业板指,23:50:04,15:00:03,2020-01-23,0,5.818,54.313,1.121,-0.01,0.61,316.42
40,15978,300,1.65%,1.1411,159957,159957,1.1421,创业板HX,创业板HX,-2.44%,399006,0.00%,创业板指,23:50:04,15:00:03,2020-01-23,0,5.818,54.313,1.161,0.01,1.86,223.05
41,17761,70,3.29%,1.1227,159958,159958,1.1231,创业板ET,创业板ET,-0.34%,399006,0.00%,创业板指,23:50:04,15:00:03,2020-01-23,0,5.818,54.313,1.160,0.00,2.06,470.52
42,333489,100,0.09%,1.0141,159959,159959,1.0141,央企ETF,央企ETF,-2.78%,000860,0.00%,结构调整,23:50:04,15:00:03,2020-01-23,0,1.248,15.503,1.015,0.00,33.85,154.18
43,3948,200,-1.17%,1.1461,159964,159964,1.1474,创业板PA,创业板PA,-3.24%,399006,0.00%,创业板指,23:50:04,15:00:03,2020-01-23,0,5.818,54.313,1.134,0.00,0.45,52.25
44,19343,100,0.80%,1.1229,159965,159965,1.1260,央视50,央视50,-2.16%,399550,0.00%,央视50,23:50:04,15:00:03,2020-01-23,0,1.390,9.493,1.135,0.00,2.20,596.66
45,139155,100,0.16%,1.3179,159966,159966,1.3179,创蓝筹,创蓝筹,-3.08%,399295,0.00%,创业蓝筹,23:50:04,15:00:03,2020-01-23,0,7.001,52.032,1.320,0.16,18.37,11425.87
46,13734,100,-0.05%,1.3005,159967,159967,1.3006,创成长,创成长,-3.70%,399296,0.00%,创成长,23:50:04,15:00:03,2020-01-23,0,7.863,54.761,1.300,0.12,1.79,2482.62
47,30650,40,0.09%,5.3822,159968,159968,5.3802,ZZ500ETF,ZZ500ETF,-3.37%,000905,0.00%,中证500,23:50:04,15:00:03,2020-01-23,0,1.887,25.291,5.385,-0.09,16.51,18229.24
48,13990,100,0.01%,1.1484,159969,159969,1.1489,深100P,深100P,-3.69%,399330,0.00%,深证100,23:50:04,15:00:03,2020-01-23,0,3.182,23.210,1.149,0.00,1.61,836.26
49,801,200,-0.11%,1.3222,159971,159971,1.3234,创业板FG,创业板FG,-3.57%,399006,0.00%,创业板指,23:50:04,15:00:03,2020-01-23,0,5.818,54.313,1.322,0.00,0.11,58.85
50,37698,100,3.26%,1.1868,159973,159973,1.1873,民企100,民企100,-0.57%,399362,0.00%,民企100,23:50:04,15:00:03,2020-01-23,0,3.662,25.013,1.226,0.00,4.62,19.29
51,137994,100,0.00%,1.9249,159977,159977,1.9250,创业板TH,创业板TH,-3.27%,399006,0.00%,创业板指,23:50:04,15:00:03,2020-01-23,0,5.818,54.313,1.925,0.04,26.56,5505.33
52,32832,120,-0.52%,0.9416,159985,159985,0.9489,豆粕ETF,豆粕ETF,-1.05%,DCESMFI,0.00%,大商所豆粕,23:50:04,15:00:03,2020-01-23,0,0.000,0.000,0.944,0.14,3.10,1157.77
53,19846,100,0.19%,1.1304,159987,159987,1.1308,创新ETF,创新ETF,-2.83%,-,0.00%,创新100,23:50:04,15:00:03,2020-01-23,0,-,-,1.133,0.00,2.25,3564.17
54,28052,100,2.04%,1.1761,510010,510010,1.1760,治理ETF,治理ETF,-0.99%,000021,0.00%,180治理,23:50:04,15:00:00,2020-01-23,0,1.109,9.315,1.200,0.00,3.37,15.87
55,5755,10,-0.42%,2.9749,510020,510020,2.9696,超大ETF,超大ETF,-3.27%,000980,0.00%,中证超大,23:50:04,15:00:00,2020-01-23,0,1.243,9.983,2.957,0.00,1.70,17.99
56,2753,50,-0.22%,5.3871,510030,510030,5.4070,价值ETF,价值ETF,-2.60%,000029,0.00%,180价值,23:50:04,15:00:00,2020-01-23,0,0.949,7.626,5.395,0.00,1.49,124.57
57,1444387,90,0.00%,2.9248,510050,510050,2.9250,50ETF,50ETF,-2.69%,000016,0.00%,上证50,23:50:05,15:00:08,2020-01-23,0,1.192,9.565,2.925,-2.53,422.48,225967.00
58,7296,100,1.07%,1.8243,510060,510060,1.8245,央企ETF,央企ETF,-1.65%,000042,0.00%,上证央企,23:50:05,15:00:00,2020-01-23,0,0.989,8.751,1.844,0.00,1.35,38.60
59,4462,50,0.10%,1.9357,510070,510070,1.9360,民企ETF,民企ETF,-2.95%,000049,0.00%,上证民企,23:50:05,15:00:00,2020-01-23,0,3.996,26.726,1.938,0.00,0.86,11.46
60,4758,50,4.07%,1.8690,510090,510090,1.8727,责任ETF,责任ETF,0.72%,000048,0.00%,责任指数,23:50:05,15:00:00,2020-01-23,0,1.339,9.758,1.949,0.00,0.93,3.98
61,842,30,1.34%,3.8001,510110,510110,3.8020,周期ETF,周期ETF,-0.44%,000063,0.00%,上证周期,23:50:05,15:00:00,2020-01-23,0,1.044,8.536,3.853,0.00,0.32,11.44
62,689,30,-1.20%,3.0901,510120,510120,3.0910,非周ETF,非周ETF,-3.17%,000064,0.00%,非周期,23:50:05,15:00:00,2020-01-23,0,2.535,20.338,3.054,0.00,0.21,2.84
63,5789,40,-0.57%,4.0140,510130,510130,4.0220,中盘ETF,中盘ETF,-3.10%,000044,0.00%,上证中盘,23:50:05,15:00:00,2020-01-23,0,1.561,14.261,3.999,0.00,2.32,2.13
64,2993,40,-0.27%,5.5238,510150,510150,5.5400,消费ETF,消费ETF,-2.90%,000069,0.00%,消费80,23:50:05,15:00:00,2020-01-23,0,3.564,25.405,5.525,0.00,1.65,427.83
65,92006,200,0.64%,0.5634,510160,510160,0.5644,小康ETF,小康ETF,-2.07%,399901,0.00%,小康指数,23:50:05,15:00:00,2020-01-23,0,1.268,10.444,0.568,-0.01,5.23,145.24
66,6923,50,-0.87%,1.7160,510170,510170,1.7210,商品ETF,商品ETF,-2.01%,000066,0.00%,上证商品,23:50:05,15:00:00,2020-01-23,0,1.118,16.639,1.706,0.00,1.18,24.76
67,561306,50,0.20%,3.4269,510180,510180,3.4270,180ETF,180ETF,-2.75%,000010,0.00%,上证180,23:50:05,15:00:00,2020-01-23,0,1.274,10.500,3.434,-0.12,192.75,9081.55
68,2515,50,2.05%,3.4540,510190,510190,3.4560,龙头ETF,龙头ETF,-0.93%,000065,0.00%,上证龙头,23:50:05,15:00:00,2020-01-23,0,1.446,11.627,3.527,0.00,0.89,51.34
69,3764,50,-0.21%,3.7898,510210,510210,3.8070,综指ETF,综指ETF,-2.46%,000001,0.00%,上证指数,23:50:05,15:00:00,2020-01-23,0,1.381,12.787,3.799,0.00,1.43,683.34
70,1873,100,0.14%,4.2130,510220,510220,4.2141,中小ETF,中小ETF,-2.22%,000046,0.00%,上证中小,23:50:05,15:00:00,2020-01-23,0,1.641,17.069,4.220,0.00,0.79,17.36
71,84626,50,0.25%,5.4997,510230,510230,5.5002,金融ETF,金融ETF,-2.37%,000018,0.00%,180金融,23:50:05,15:00:00,2020-01-23,0,1.020,7.950,5.514,0.00,46.66,3686.67
72,1383,100,1.44%,1.1120,510270,510270,1.1130,国企ETF,国企ETF,-2.92%,000056,0.00%,上证国企,23:50:05,15:00:00,2020-01-23,0,1.117,9.583,1.129,0.00,0.16,20.47
73,13045,200,0.54%,1.5072,510290,510290,1.5079,380ETF,380ETF,-2.38%,000009,0.00%,上证380,23:50:05,15:00:00,2020-01-23,0,1.981,18.370,1.516,0.00,1.98,230.74
74,1022179,90,-0.06%,3.9985,510300,510300,3.9983,300ETF,300ETF,-2.99%,399300,0.00%,沪深300,23:50:05,15:00:00,2020-01-23,0,1.484,12.145,3.996,-12.55,408.46,304204.60
75,478431,200,0.25%,1.7741,510310,510310,1.7746,HS300ETF,HS300ETF,-2.68%,000300,0.00%,沪深300,23:50:05,15:00:00,2020-01-23,0,1.484,12.145,1.779,-0.07,85.11,14111.28
76,760795,90,-0.05%,4.0049,510330,510330,4.0050,华夏300,华夏300,-2.98%,399300,0.00%,沪深300,23:50:05,15:00:00,2020-01-23,0,1.484,12.145,4.003,-1.55,304.55,106921.30
77,94061,90,0.30%,3.9842,510350,510350,3.9852,工银300,工银300,-2.80%,000300,0.00%,沪深300,23:50:05,15:00:00,2020-01-23,0,1.484,12.145,3.997,-0.36,37.60,8736.62
78,250738,300,0.13%,1.3135,510360,510360,1.3143,广发300,广发300,-2.95%,399300,0.00%,沪深300,23:50:05,15:00:00,2020-01-23,0,1.484,12.145,1.316,-0.47,33.00,1330.50
79,472880,90,-0.16%,1.0314,510380,510380,1.0317,国寿300,国寿300,-3.29%,399300,0.00%,沪深300,23:50:05,15:00:00,2020-01-23,0,1.484,12.145,1.030,0.00,48.71,18.15
80,117155,90,0.10%,4.1451,510390,510390,4.1450,平安300,平安300,-2.97%,399300,0.00%,沪深300,23:50:05,15:00:00,2020-01-23,0,1.484,12.145,4.149,-0.15,48.61,7966.24
81,19926,100,0.16%,0.6127,510410,510410,0.6130,资源ETF,资源ETF,-2.85%,000068,0.00%,上证资源,23:50:05,15:00:00,2020-01-23,0,1.046,16.979,0.614,0.01,1.22,600.70
82,5792,100,1.29%,1.5460,510430,510430,1.5460,50等权,50等权,-0.13%,000050,0.00%,50等权,23:50:05,15:00:00,2020-01-23,0,1.192,9.565,1.566,0.00,0.91,4.86
83,2206,100,1.96%,1.5808,510440,510440,1.5810,500沪市,500沪市,-1.10%,000802,0.00%,500沪市,23:50:05,15:00:00,2020-01-23,0,1.783,21.563,1.612,0.00,0.36,13.14
84,779147,40,-0.24%,5.8271,510500,510500,5.8247,500ETF,500ETF,-3.73%,000905,0.00%,中证500,23:50:05,15:00:00,2020-01-23,0,1.887,25.291,5.811,-0.33,452.76,243776.97
85,340704,200,0.05%,1.5391,510510,510510,1.5392,广发500,广发500,-3.51%,000905,0.00%,中证500,23:50:05,15:00:00,2020-01-23,0,1.887,25.291,1.540,0.22,52.47,11747.05
86,63632,200,2.81%,1.1515,510560,510560,1.1516,国寿500,国寿500,-0.84%,000905,0.00%,中证500,23:50:05,15:00:00,2020-01-23,0,1.887,25.291,1.184,0.00,7.53,1.39
87,14870,60,0.49%,5.5129,510580,510580,5.5189,ZZ500ETF,ZZ500ETF,-2.91%,000905,0.00%,中证500,23:50:05,15:00:00,2020-01-23,0,1.887,25.291,5.546,0.07,8.25,5839.28
88,43559,300,0.22%,5.5295,510590,510590,5.5290,平安500,平安500,-3.26%,000905,0.00%,中证500,23:50:05,15:00:00,2020-01-23,0,1.887,25.291,5.541,-0.04,24.14,6077.17
89,3762,30,-0.22%,3.0763,510600,510600,3.0828,沪50ETF,沪50ETF,-2.66%,000016,0.00%,上证50,23:50:05,15:00:00,2020-01-23,0,1.192,9.565,3.076,0.01,1.16,2840.26
90,7409,50,-0.25%,2.9016,510630,510630,2.9094,消费行业,消费行业,-3.23%,000036,0.00%,上证消费,23:50:05,15:00:00,2020-01-23,0,6.975,31.895,2.902,0.00,2.15,215.64
91,1845,50,0.12%,1.9608,510650,510650,1.9607,金融行业,金融行业,-2.73%,000038,0.00%,上证金融,23:50:05,15:00:00,2020-01-23,0,1.008,7.566,1.963,0.00,0.36,26.00
92,6338,50,-0.13%,2.0183,510660,510660,2.0247,医药行业,医药行业,-1.99%,000037,0.00%,上证医药,23:50:05,15:00:00,2020-01-23,0,4.359,38.833,2.022,0.10,1.28,1127.72
93,6192,100,1.20%,2.4997,510680,510680,2.5001,万家50,万家50,-2.69%,000016,0.00%,上证50,23:50:05,15:00:00,2020-01-23,0,1.192,9.565,2.530,-0.01,1.57,2.02
94,21052,30,0.07%,3.3006,510710,510710,3.3026,上50ETF,上50ETF,-2.56%,000016,0.00%,上证50,23:50:05,15:00:00,2020-01-23,0,1.192,9.565,3.305,-0.12,6.96,2595.02
95,24258,100,0.15%,1.0912,510800,510800,1.0924,上证50,上证50,-2.41%,000016,0.00%,上证50,23:50:05,15:00:00,2020-01-23,0,1.192,9.565,1.094,0.00,2.65,1983.02
96,167750,60,0.16%,2.9636,510850,510850,2.9644,工银上50,工银上50,-2.53%,000016,0.00%,上证50,23:50:05,15:00:00,2020-01-23,0,1.192,9.565,2.969,-0.41,49.80,16680.83
97,128268,50,0.26%,2.6596,510880,510880,2.6600,红利ETF,红利ETF,-2.27%,000015,0.00%,红利指数,23:50:05,15:00:08,2020-01-23,0,0.857,6.886,2.667,0.29,34.21,14010.28
98,769802,100,-0.30%,1.2286,510900,510900,1.2327,H股ETF,H股ETF,-2.07%,-,0.00%,恒生国企,23:50:05,15:00:00,2020-01-23,0,-,-,1.229,0.00,94.61,98177.42
99,278,1,0.34%,120.2390,511010,511010,120.3950,国债ETF,国债ETF,0.58%,000140,-,5年国债,23:50:05,15:00:08,2020-01-23,0,-,-,120.799,0.04,3.36,4716.52
100,1825,300,-1.33%,98.3340,511220,511220,98.3530,城投ETF,城投ETF,0.15%,-,0.00%,沪质城投,23:50:05,15:00:08,2020-01-23,0,-,-,97.046,-0.09,17.71,298.45
101,95,1,-0.19%,109.8155,511260,511260,109.8720,十年国债,十年国债,0.30%,-,0.18%,10年国债,23:50:05,15:00:08,2020-01-23,0,-,-,109.663,0.00,1.04,580.73
102,774542,30,0.35%,0.9433,512000,512000,0.9437,券商ETF,券商ETF,-4.15%,399975,0.00%,证券公司,23:50:05,15:00:00,2020-01-23,0,1.816,28.530,0.947,1.72,73.35,90682.81
103,98417,100,0.12%,1.9269,512010,512010,1.9287,医药ETF,医药ETF,-2.38%,000913,0.00%,300医药,23:50:05,15:00:00,2020-01-23,0,5.063,38.617,1.931,0.75,19.00,22299.75
104,87816,100,-0.24%,2.2473,512070,512070,2.2493,非银ETF,非银ETF,-3.48%,-,0.00%,300非银,23:50:05,15:00:00,2020-01-23,0,-,-,2.244,0.04,19.71,4630.49
105,42159,200,0.07%,1.1455,512090,512090,1.1482,MSCI易基,MSCI易基,-2.54%,-,0.00%,A股国际通,23:50:05,15:00:00,2020-01-23,0,-,-,1.149,-0.05,4.84,2337.67
106,25489,300,-0.07%,0.7346,512100,512100,0.7355,1000ETF,1000ETF,-3.54%,000852,0.00%,中证1000,23:50:05,15:00:00,2020-01-23,0,2.256,39.658,0.735,0.00,1.87,2615.25
107,5975,50,0.43%,1.6315,512120,512120,1.6320,医药50,医药50,-1.80%,000814,0.00%,细分医药,23:50:05,15:00:00,2020-01-23,0,4.583,36.749,1.639,0.01,0.98,1076.55
108,57178,200,0.48%,1.1519,512160,512160,1.1535,MSCI基金,MSCI基金,-2.44%,-,0.00%,A股国际通,23:50:05,15:00:00,2020-01-23,0,-,-,1.159,-0.16,6.63,3972.29
109,34294,50,-0.08%,1.3357,512170,512170,1.3381,医疗ETF,医疗ETF,-2.19%,399989,0.00%,中证医疗,23:50:05,15:00:00,2020-01-23,0,8.011,53.268,1.337,-0.03,4.59,8012.33
110,35005,200,-0.27%,1.0994,512180,512180,1.1000,建信MSCI,建信MSCI,-3.69%,-,0.00%,A股国际通,23:50:05,15:00:00,2020-01-23,0,-,-,1.097,0.00,3.84,1617.63
111,26238,100,0.20%,0.8581,512200,512200,0.8593,地产ETF,地产ETF,-3.58%,-,0.00%,房地产,23:50:05,15:00:00,2020-01-23,0,-,-,0.861,0.05,2.26,4497.04
112,22497,150,-0.24%,1.5464,512220,512220,1.5477,景顺TMT,景顺TMT,-3.50%,-,0.00%,TMT150,23:50:05,15:00:00,2020-01-23,0,-,-,1.544,0.00,3.47,77.15
113,20850,80,-0.14%,1.1961,512260,512260,1.1967,500低波,500低波,-2.92%,-,0.00%,500低波,23:50:05,15:00:00,2020-01-23,0,-,-,1.195,-0.01,2.49,1933.51
114,25201,200,-0.24%,1.1007,512280,512280,1.1016,景顺MSCI,景顺MSCI,-3.09%,-,0.00%,A股国际通,23:50:05,15:00:00,2020-01-23,0,-,-,1.099,-0.07,2.77,944.27
115,97282,100,0.14%,1.2962,512290,512290,1.2942,生物医药,生物医药,-0.69%,-,0.00%,CS生医,23:50:05,15:00:00,2020-01-23,0,-,-,1.296,1.24,12.61,20775.37
116,3862,50,0.24%,1.2127,512300,512300,1.2121,500医药,500医药,-0.98%,000857,0.00%,500医药,23:50:05,15:00:00,2020-01-23,0,3.139,39.077,1.215,0.09,0.47,839.28
117,7239,50,-0.63%,0.5081,512310,512310,0.5082,500工业,500工业,-4.17%,000856,0.00%,500工业,23:50:05,15:00:00,2020-01-23,0,1.771,25.335,0.505,0.00,0.37,19.17
118,94319,50,0.19%,1.0594,512330,512330,1.0610,500信息,500信息,-3.89%,000858,0.00%,500信息,23:50:05,15:00:00,2020-01-23,0,3.692,86.729,1.063,0.14,10.03,1968.32
119,3573,50,1.25%,0.7494,512340,512340,0.7496,500原料,500原料,-1.68%,000854,0.00%,500原料,23:50:05,15:00:00,2020-01-23,0,1.485,16.442,0.759,0.00,0.27,2.30
120,14634,300,-0.69%,1.1665,512360,512360,1.1670,MSCI国际,MSCI国际,-3.66%,-,0.00%,A股国际,23:50:05,15:00:00,2020-01-23,0,-,-,1.159,0.00,1.70,39.49
121,119181,300,-0.07%,1.0335,512380,512380,1.0337,银华MSCI,银华MSCI,-2.82%,-,0.00%,A股国际通,23:50:05,15:00:00,2020-01-23,0,-,-,1.033,-0.06,12.31,3027.47
122,85404,50,0.01%,0.7213,512400,512400,0.7219,有色ETF,有色ETF,-2.96%,000819,0.00%,有色金属,23:50:05,15:00:00,2020-01-23,0,2.189,46.443,0.722,0.04,6.17,6769.79
123,89350,100,0.40%,1.8229,512480,512480,1.8247,半导体,半导体,-1.40%,-,0.00%,中证全指半导体,23:50:05,15:00:00,2020-01-23,0,-,-,1.832,1.39,16.37,58124.77
124,206081,120,-0.01%,2.7082,512500,512500,2.7082,中证500,中证500,-3.77%,000905,0.00%,中证500,23:50:05,15:00:00,2020-01-23,0,1.887,25.291,2.708,1.02,55.81,35824.84
125,55643,200,1.98%,1.1906,512510,512510,1.1904,ETF500,ETF500,-1.62%,000905,0.00%,中证500,23:50:05,15:00:00,2020-01-23,0,1.887,25.291,1.214,0.07,6.76,3879.72
126,30906,200,0.36%,1.1444,512520,512520,1.1449,MSCIETF,MSCIETF,-2.46%,-,0.00%,A股国际通,23:50:05,15:00:00,2020-01-23,0,-,-,1.149,-0.02,3.55,496.09
127,2356,100,-0.48%,0.8683,512560,512560,0.8501,中证军工,中证军工,-2.08%,-,0.00%,中证军工,23:50:05,15:00:00,2020-01-23,0,-,-,0.846,0.00,0.20,51.50
128,227547,60,-0.57%,0.8252,512580,512580,0.8257,环保ETF,环保ETF,-3.86%,000827,0.00%,中证环保,23:50:05,15:00:00,2020-01-23,0,2.470,26.565,0.821,-0.06,18.68,1213.11
129,545,50,0.93%,2.8459,512600,512600,2.8514,主要消费,主要消费,-2.74%,000932,0.00%,中证消费,23:50:05,15:00:00,2020-01-23,0,6.395,31.058,2.878,0.00,0.16,92.23
130,1214,50,1.24%,1.5502,512610,512610,1.5508,医药卫生,医药卫生,-2.42%,000933,0.00%,中证医药,23:50:05,15:00:00,2020-01-23,0,4.208,38.768,1.570,0.00,0.19,110.52
131,2674,50,1.00%,1.9918,512640,512640,1.9940,金融地产,金融地产,-1.18%,000934,0.00%,中证金融,23:50:05,15:00:00,2020-01-23,0,1.078,8.319,2.014,0.00,0.54,3.06
132,323108,100,0.41%,0.7869,512660,512660,0.7868,军工ETF,军工ETF,-1.62%,399967,0.00%,中证军工,23:50:05,15:00:00,2020-01-23,0,2.625,65.582,0.790,-0.18,25.53,16849.64
133,8683,50,-0.33%,1.0980,512670,512670,1.1026,国防ETF,国防ETF,-2.40%,399973,0.00%,中证国防,23:50:05,15:00:00,2020-01-23,0,3.288,48.293,1.099,-0.01,0.95,729.54
134,55693,60,0.06%,0.7957,512680,512680,0.7965,军工基金,军工基金,-1.85%,399967,0.00%,中证军工,23:50:05,15:00:00,2020-01-23,0,2.625,65.582,0.797,0.00,4.44,761.43
135,18513,50,0.51%,1.1521,512690,512690,1.1551,酒ETF,酒ETF,-2.85%,399987,0.00%,中证酒,23:50:05,15:00:00,2020-01-23,0,7.003,30.289,1.161,0.03,2.15,3749.26
136,28138,20,-0.02%,1.1887,512700,512700,1.1912,银行基金,银行基金,-2.22%,399986,0.00%,中证银行,23:50:05,15:00:00,2020-01-23,0,0.817,6.448,1.191,0.00,3.35,521.82
137,590033,200,0.12%,1.0593,512710,512710,1.0597,军工龙头,军工龙头,-2.66%,-,0.00%,军工龙头,23:50:05,15:00:00,2020-01-23,0,-,-,1.061,0.00,62.60,9226.67
138,29045,100,0.60%,1.2404,512720,512720,1.2416,计算机,计算机,-3.55%,-,0.00%,CS计算机,23:50:05,15:00:00,2020-01-23,0,-,-,1.249,-0.11,3.63,9702.65
139,50915,100,0.31%,1.0131,512750,512750,1.0139,基本面50,基本面50,-2.31%,000925,0.00%,基本面50,23:50:05,15:00:00,2020-01-23,0,1.138,9.217,1.017,-0.02,5.18,1902.86
140,291866,100,-0.09%,1.9567,512760,512760,1.9568,半导体50,半导体50,-2.69%,-,0.00%,中华半导体,23:50:05,15:00:00,2020-01-23,0,-,-,1.955,5.02,57.06,239439.05
141,270524,30,0.26%,1.0815,512800,512800,1.0822,银行ETF,银行ETF,-2.16%,399986,0.00%,中证银行,23:50:05,15:00:00,2020-01-23,0,0.817,6.448,1.085,0.52,29.35,24418.64
142,7179,100,0.83%,0.7583,512810,512810,0.7587,军工行业,军工行业,-1.92%,399967,0.00%,中证军工,23:50:05,15:00:00,2020-01-23,0,2.625,65.582,0.765,0.00,0.55,155.47
143,13360,30,0.11%,1.1166,512820,512820,1.1168,银行股基,银行股基,-2.19%,399986,0.00%,中证银行,23:50:05,15:00:00,2020-01-23,0,0.817,6.448,1.118,0.00,1.49,554.68
144,2463,300,-0.20%,1.2888,512860,512860,1.2906,MSCI中国,MSCI中国,-3.23%,-,0.00%,A股国际通,23:50:05,15:00:00,2020-01-23,0,-,-,1.288,0.00,0.32,155.89
145,1517529,100,0.38%,0.9900,512880,512880,0.9902,证券ETF,证券ETF,-3.96%,399975,0.00%,证券公司,23:50:05,15:00:00,2020-01-23,0,1.816,28.530,0.994,-2.20,150.84,177697.23
146,256571,30,0.22%,0.9631,512900,512900,0.9639,证券基金,证券基金,-3.98%,399975,0.00%,证券公司,23:50:05,15:00:00,2020-01-23,0,1.816,28.530,0.966,0.72,24.78,3907.67
147,8509,300,-0.18%,1.2925,512920,512920,1.2983,MSCI新华,MSCI新华,-2.56%,-,0.00%,A股国际,23:50:05,15:00:00,2020-01-23,0,-,-,1.296,-0.04,1.10,0.18
148,1306155,100,0.10%,0.9690,512950,512950,0.9690,央企改革,央企改革,-3.10%,000860,0.00%,结构调整,23:50:05,15:00:00,2020-01-23,0,1.248,15.503,0.970,0.00,126.70,416.57
149,1302226,100,-0.10%,0.9657,512960,512960,0.9660,央调ETF,央调ETF,-3.02%,000860,0.00%,结构调整,23:50:05,15:00:00,2020-01-23,0,1.248,15.503,0.965,-0.02,125.66,276.39
150,253552,100,-0.01%,0.8772,512980,512980,0.8781,传媒ETF,传媒ETF,-2.66%,399971,0.00%,中证传媒,23:50:05,15:00:00,2020-01-23,0,3.113,40.323,0.878,-0.46,22.26,8761.73
151,43152,300,0.16%,1.2437,512990,512990,1.2460,MSCIA股,MSCIA股,-2.65%,-,0.00%,A股国际通,23:50:05,15:00:00,2020-01-23,0,-,-,1.248,0.00,5.39,3188.19
152,694729,100,0.32%,1.4048,515000,515000,1.4055,科技ETF,科技ETF,-3.23%,-,0.00%,科技龙头,23:50:05,15:00:00,2020-01-23,0,-,-,1.410,4.70,97.96,149606.29
153,39427,50,0.30%,1.0196,515010,515010,1.0219,华夏证券,华夏证券,-3.94%,399975,0.00%,证券公司,23:50:05,15:00:00,2020-01-23,0,1.816,28.530,1.025,0.03,4.04,1090.14
154,15485,50,-0.05%,0.9878,515020,515020,0.9915,华夏银基,华夏银基,-1.98%,399986,0.00%,中证银行,23:50:05,15:00:00,2020-01-23,0,0.817,6.448,0.991,0.01,1.53,168.25
155,741107,80,0.61%,1.1103,515050,515050,1.1112,5GETF,5GETF,-3.87%,-,0.00%,5G通信,23:50:05,15:00:00,2020-01-23,0,-,-,1.118,2.03,82.86,141833.93
156,12348,100,0.32%,0.9398,515060,515060,0.9410,华夏地产,华夏地产,-2.68%,-,0.00%,房地产,23:50:05,15:00:00,2020-01-23,0,-,-,0.944,0.00,1.17,141.57
157,69947,150,0.05%,1.1015,515070,515070,1.1055,AI智能,AI智能,-3.32%,-,0.00%,CS人工智,23:50:05,15:00:00,2020-01-23,0,-,-,1.106,0.32,7.74,16959.71
158,17615,200,0.63%,1.0322,515080,515080,1.0335,中证红利,中证红利,-1.89%,000922,0.00%,中证红利,23:50:05,15:00:00,2020-01-23,0,0.959,7.470,1.040,0.02,1.83,2331.51
159,81064,100,-0.16%,0.9930,515180,515180,0.9956,100红利,100红利,-2.74%,000922,0.00%,中证红利,23:50:05,15:00:00,2020-01-23,0,0.959,7.470,0.994,0.06,8.06,5463.16
160,69602,200,0.16%,1.1605,515580,515580,1.1612,中证科技,中证科技,-3.33%,-,0.00%,科技100,23:50:05,15:00:00,2020-01-23,0,-,-,1.163,-0.12,8.09,4224.37
161,47718,200,-0.14%,0.9681,515650,515650,0.9714,消费50,消费50,-3.77%,-,0.00%,CS消费50,23:50:05,15:00:00,2020-01-23,0,-,-,0.970,0.00,4.63,4072.50
162,430144,400,0.25%,0.9856,515800,515800,0.9865,800ETF,800ETF,-2.75%,000906,0.00%,中证800,23:50:05,15:00:00,2020-01-23,0,1.546,13.473,0.989,-0.08,42.54,4168.19
163,23691,300,-0.14%,0.9914,515810,515810,0.9944,ZZ800ETF,ZZ800ETF,-2.93%,000906,0.00%,中证800,23:50:05,15:00:00,2020-01-23,0,1.546,13.473,0.993,0.00,2.35,1954.03
164,69488,-,0.52%,1.2011,515860,515860,1.2028,科技100,科技100,-1.47%,-,0.00%,新兴科技100,23:50:05,15:00:00,2020-01-23,0,-,-,1.209,-0.23,8.40,5772.76
165,90246,100,0.33%,1.1327,515880,515880,1.1333,通信ETF,通信ETF,-4.13%,-,0.00%,通信设备,23:50:05,15:00:00,2020-01-23,0,-,-,1.137,0.08,10.26,13588.55
0,159901,深100ETF,399330,20,141217,73.76,-0.66,5.223,18860.36,15:00:03,-3.81%,5.2252,23:50:04,-0.07%,5.2264,2020-01-23,深证100,0.00%,23.210,3.182,0,深100ETF,159901
1,159902,中 小 板,399005,50,65846,22.68,0.86,3.444,8153.41,15:00:03,-3.45%,3.4470,23:50:04,-0.09%,3.4470,2020-01-23,中小板指,0.00%,27.961,3.688,0,中 小 板,159902
2,159903,深成ETF,399001,300,37615,4.53,0.00,1.205,263.61,15:00:03,-1.95%,1.1786,23:50:04,2.24%,1.1786,2020-01-23,深证成指,0.00%,24.923,2.759,0,深成ETF,159903
3,159905,深红利,399324,50,98094,19.31,0.11,1.969,12090.02,15:00:03,-3.90%,1.9670,23:50:04,0.07%,1.9677,2020-01-23,深证红利,0.00%,16.100,2.429,0,深红利,159905
4,159906,深成长,399346,100,13564,1.46,-0.02,1.080,490.60,15:00:03,-2.44%,1.0649,23:50:04,0.93%,1.0700,2020-01-23,深证成长,0.00%,22.898,3.781,0,深成长,159906
5,159907,中小300,399008,150,15860,2.22,-0.02,1.399,90.76,15:00:03,-4.57%,1.3925,23:50:04,0.45%,1.3927,2020-01-23,中小300,0.00%,29.957,3.137,0,中小300,159907
6,159908,博时创业,399006,150,6723,1.11,0.00,1.656,63.65,15:00:03,-3.33%,1.6526,23:50:04,0.18%,1.6531,2020-01-23,创业板指,0.00%,54.313,5.818,0,博时创业,159908
7,159909,深TMT,399610,25,7002,3.99,0.00,5.699,449.96,15:00:03,-3.52%,5.6975,23:50:04,0.02%,5.6977,2020-01-23,TMT50,0.00%,47.168,5.243,0,深TMT,159909
8,159910,深F120,399702,100,70491,13.86,0.00,1.966,380.43,15:00:03,-3.72%,1.9644,23:50:04,0.08%,1.9645,2020-01-23,深证F120,0.00%,18.224,2.325,0,深F120,159910
9,159911,民营ETF,399337,50,1247,0.54,0.01,4.352,813.06,15:00:03,-2.05%,4.3425,23:50:04,0.18%,4.3443,2020-01-23,深证民营,0.00%,30.753,4.490,0,民营ETF,159911
10,159912,深300ETF,399007,160,8795,1.27,0.00,1.445,254.48,15:00:03,-1.97%,1.4247,23:50:04,1.41%,1.4249,2020-01-23,深证300,0.00%,23.642,2.869,0,深300ETF,159912
11,159913,深价值,399348,100,3633,0.73,0.02,2.010,9.05,15:00:03,-4.74%,2.0133,23:50:04,-0.20%,2.0140,2020-01-23,深证价值,0.00%,13.532,1.737,0,深价值,159913
12,159915,创业板,399006,200,971345,179.99,0.11,1.853,122034.98,15:00:03,-3.39%,1.8537,23:50:04,-0.06%,1.8541,2020-01-23,创业板指,0.00%,54.313,5.818,0,创业板,159915
13,159916,深F60,399701,50,22807,10.01,0.07,4.390,156.52,15:00:03,-3.33%,4.3744,23:50:04,0.34%,4.3753,2020-01-23,深证F60,0.00%,16.715,2.322,0,深F60,159916
14,159918,中创400,399624,100,7756,1.23,0.00,1.584,14.74,15:00:03,-4.12%,1.6039,23:50:04,-1.27%,1.6043,2020-01-23,中创400,0.00%,43.135,2.898,0,中创400,159918
15,159919,300ETF,399300,90,653242,264.63,-2.01,4.051,138927.37,15:00:03,-3.18%,4.0635,23:50:04,-0.31%,4.0635,2020-01-23,沪深300,0.00%,12.145,1.484,0,300ETF,159919
16,159922,500ETF,000905,45,62728,35.86,0.18,5.716,27565.59,15:00:03,-2.97%,5.6912,23:50:04,0.48%,5.6888,2020-01-23,中证500,0.00%,25.291,1.887,0,500ETF,159922
17,159923,100ETF,000903,100,1729,0.30,0.00,1.750,146.04,15:00:03,-2.67%,1.7498,23:50:04,0.00%,1.7500,2020-01-23,中证100,0.00%,10.912,1.376,0,100ETF,159923
18,159925,南方300,000300,200,94320,16.66,-0.14,1.766,751.12,15:00:03,-3.13%,1.7692,23:50:04,-0.25%,1.7704,2020-01-23,沪深300,0.00%,12.145,1.484,0,南方300,159925
19,159928,消费ETF,399932,50,111966,32.55,0.13,2.907,10315.37,15:00:03,-3.81%,2.8941,23:50:04,0.36%,2.8966,2020-01-23,中证消费,0.00%,31.058,6.395,0,消费ETF,159928
20,159929,医药ETF,399933,50,30470,4.96,0.04,1.627,7914.99,15:00:03,-1.81%,1.6238,23:50:04,0.17%,1.6242,2020-01-23,中证医药,0.00%,38.768,4.208,0,医药ETF,159929
21,159930,能源ETF,399928,50,6240,0.42,0.01,0.678,500.69,15:00:03,-2.73%,0.6746,23:50:04,0.50%,0.6746,2020-01-23,中证能源,0.00%,13.924,0.911,0,能源ETF,159930
22,159931,金融ETF,399934,50,1833,0.32,0.01,1.759,68.35,15:00:03,-1.40%,1.7193,23:50:04,2.32%,1.7192,2020-01-23,中证金融,0.00%,8.319,1.078,0,金融ETF,159931
23,159932,500深ETF,399802,100,2251,0.34,0.00,1.514,64.08,15:00:03,-2.01%,1.5088,23:50:04,0.26%,1.5100,2020-01-23,500深市,0.00%,30.620,2.004,0,500深ETF,159932
24,159933,金地ETF,000914,50,18988,4.24,0.00,2.234,0.64,15:00:03,0.95%,2.1424,23:50:04,4.18%,2.1443,2020-01-23,300金融,0.00%,8.180,1.074,0,金地ETF,159933
25,159935,景顺500,000905,200,10657,1.65,0.00,1.549,9.31,15:00:03,0.19%,1.4955,23:50:04,3.43%,1.4976,2020-01-23,中证500,0.00%,25.291,1.887,0,景顺500,159935
26,159936,可选消费,000989,200,23216,3.39,0.09,1.460,72.66,15:00:03,-1.75%,1.4311,23:50:04,1.93%,1.4323,2020-01-23,全指可选,0.00%,27.116,2.050,0,可选消费,159936
27,159938,广发医药,000991,100,175428,25.40,0.49,1.448,7173.65,15:00:03,-2.03%,1.4478,23:50:04,-0.01%,1.4482,2020-01-23,全指医药,0.00%,40.502,4.059,0,广发医药,159938
28,159939,信息技术,000993,200,140683,17.95,0.66,1.276,13913.68,15:00:03,-3.63%,1.2710,23:50:04,0.28%,1.2725,2020-01-23,全指信息,0.00%,79.610,4.493,0,信息技术,159939
29,159940,全指金融,000992,100,64906,6.69,0.02,1.030,216.16,15:00:03,-3.38%,1.0305,23:50:04,-0.09%,1.0309,2020-01-23,全指金融,0.00%,8.438,1.085,0,全指金融,159940
30,159943,深证ETF,399001,30,2184,2.52,0.00,11.560,74.67,15:00:03,-3.51%,11.6316,23:50:04,-0.65%,11.6360,2020-01-23,深证成指,0.00%,24.923,2.759,0,深证ETF,159943
31,159944,全指材料,000987,200,2961,0.23,0.00,0.767,12.72,15:00:03,-1.41%,0.7467,23:50:04,2.66%,0.7471,2020-01-23,全指材料,0.00%,19.738,1.792,0,全指材料,159944
32,159945,全指能源,000986,50,4607,0.28,0.00,0.612,11.99,15:00:03,-3.32%,0.6109,23:50:04,0.11%,0.6113,2020-01-23,全指能源,0.00%,14.069,0.935,0,全指能源,159945
33,159948,创业板EF,399006,50,61320,12.37,0.04,2.018,1263.20,15:00:03,-3.35%,2.0147,23:50:04,0.15%,2.0149,2020-01-23,创业板指,0.00%,54.313,5.818,0,创业板EF,159948
34,159949,创业板50,399673,100,858179,61.02,-0.04,0.711,59181.24,15:00:03,-3.00%,0.7096,23:50:04,0.15%,0.7099,2020-01-23,创业板50,0.00%,62.192,6.524,0,创业板50,159949
35,159951,中关村A,399422,300,1832,0.17,0.00,0.902,1.62,15:00:03,-1.42%,0.8821,23:50:04,2.22%,0.8824,2020-01-23,中关村A,0.00%,32.071,2.167,0,中关村A,159951
36,159952,创业ETF,399006,100,127598,14.20,0.00,1.113,5997.43,15:00:03,-3.72%,1.1113,23:50:04,0.16%,1.1112,2020-01-23,创业板指,0.00%,54.313,5.818,0,创业ETF,159952
37,159953,工业ETF,000988,200,2717,0.21,0.00,0.762,4.23,15:00:03,-2.93%,0.7556,23:50:04,0.81%,0.7559,2020-01-23,全指工业,0.00%,20.970,1.686,0,工业ETF,159953
38,159955,创业板E,399006,200,2283,0.24,-0.01,1.035,193.28,15:00:03,-3.09%,1.0342,23:50:04,-0.12%,1.0362,2020-01-23,创业板指,0.00%,54.313,5.818,0,创业板E,159955
39,159956,创业板F,399006,100,5398,0.61,-0.01,1.121,316.42,15:00:03,-1.41%,1.0979,23:50:04,2.07%,1.0983,2020-01-23,创业板指,0.00%,54.313,5.818,0,创业板F,159956
40,159957,创业板HX,399006,300,15978,1.86,0.01,1.161,223.05,15:00:03,-2.44%,1.1411,23:50:04,1.65%,1.1421,2020-01-23,创业板指,0.00%,54.313,5.818,0,创业板HX,159957
41,159958,创业板ET,399006,70,17761,2.06,0.00,1.160,470.52,15:00:03,-0.34%,1.1227,23:50:04,3.29%,1.1231,2020-01-23,创业板指,0.00%,54.313,5.818,0,创业板ET,159958
42,159959,央企ETF,000860,100,333489,33.85,0.00,1.015,154.18,15:00:03,-2.78%,1.0141,23:50:04,0.09%,1.0141,2020-01-23,结构调整,0.00%,15.503,1.248,0,央企ETF,159959
43,159964,创业板PA,399006,200,3948,0.45,0.00,1.134,52.25,15:00:03,-3.24%,1.1461,23:50:04,-1.17%,1.1474,2020-01-23,创业板指,0.00%,54.313,5.818,0,创业板PA,159964
44,159965,央视50,399550,100,19343,2.20,0.00,1.135,596.66,15:00:03,-2.16%,1.1229,23:50:04,0.80%,1.1260,2020-01-23,央视50,0.00%,9.493,1.390,0,央视50,159965
45,159966,创蓝筹,399295,100,139155,18.37,0.16,1.320,11425.87,15:00:03,-3.08%,1.3179,23:50:04,0.16%,1.3179,2020-01-23,创业蓝筹,0.00%,52.032,7.001,0,创蓝筹,159966
46,159967,创成长,399296,100,13734,1.79,0.12,1.300,2482.62,15:00:03,-3.70%,1.3005,23:50:04,-0.05%,1.3006,2020-01-23,创成长,0.00%,54.761,7.863,0,创成长,159967
47,159968,ZZ500ETF,000905,40,30650,16.51,-0.09,5.385,18229.24,15:00:03,-3.37%,5.3822,23:50:04,0.09%,5.3802,2020-01-23,中证500,0.00%,25.291,1.887,0,ZZ500ETF,159968
48,159969,深100P,399330,100,13990,1.61,0.00,1.149,836.26,15:00:03,-3.69%,1.1484,23:50:04,0.01%,1.1489,2020-01-23,深证100,0.00%,23.210,3.182,0,深100P,159969
49,159971,创业板FG,399006,200,801,0.11,0.00,1.322,58.85,15:00:03,-3.57%,1.3222,23:50:04,-0.11%,1.3234,2020-01-23,创业板指,0.00%,54.313,5.818,0,创业板FG,159971
50,159973,民企100,399362,100,37698,4.62,0.00,1.226,19.29,15:00:03,-0.57%,1.1868,23:50:04,3.26%,1.1873,2020-01-23,民企100,0.00%,25.013,3.662,0,民企100,159973
51,159977,创业板TH,399006,100,137994,26.56,0.04,1.925,5505.33,15:00:03,-3.27%,1.9249,23:50:04,0.00%,1.9250,2020-01-23,创业板指,0.00%,54.313,5.818,0,创业板TH,159977
52,159985,豆粕ETF,DCESMFI,120,32832,3.10,0.14,0.944,1157.77,15:00:03,-1.05%,0.9416,23:50:04,-0.52%,0.9489,2020-01-23,大商所豆粕,0.00%,0.000,0.000,0,豆粕ETF,159985
53,159987,创新ETF,-,100,19846,2.25,0.00,1.133,3564.17,15:00:03,-2.83%,1.1304,23:50:04,0.19%,1.1308,2020-01-23,创新100,0.00%,-,-,0,创新ETF,159987
54,510010,治理ETF,000021,100,28052,3.37,0.00,1.200,15.87,15:00:00,-0.99%,1.1761,23:50:04,2.04%,1.1760,2020-01-23,180治理,0.00%,9.315,1.109,0,治理ETF,510010
55,510020,超大ETF,000980,10,5755,1.70,0.00,2.957,17.99,15:00:00,-3.27%,2.9749,23:50:04,-0.42%,2.9696,2020-01-23,中证超大,0.00%,9.983,1.243,0,超大ETF,510020
56,510030,价值ETF,000029,50,2753,1.49,0.00,5.395,124.57,15:00:00,-2.60%,5.3871,23:50:04,-0.22%,5.4070,2020-01-23,180价值,0.00%,7.626,0.949,0,价值ETF,510030
57,510050,50ETF,000016,90,1444387,422.48,-2.53,2.925,225967.00,15:00:08,-2.69%,2.9248,23:50:05,0.00%,2.9250,2020-01-23,上证50,0.00%,9.565,1.192,0,50ETF,510050
58,510060,央企ETF,000042,100,7296,1.35,0.00,1.844,38.60,15:00:00,-1.65%,1.8243,23:50:05,1.07%,1.8245,2020-01-23,上证央企,0.00%,8.751,0.989,0,央企ETF,510060
59,510070,民企ETF,000049,50,4462,0.86,0.00,1.938,11.46,15:00:00,-2.95%,1.9357,23:50:05,0.10%,1.9360,2020-01-23,上证民企,0.00%,26.726,3.996,0,民企ETF,510070
60,510090,责任ETF,000048,50,4758,0.93,0.00,1.949,3.98,15:00:00,0.72%,1.8690,23:50:05,4.07%,1.8727,2020-01-23,责任指数,0.00%,9.758,1.339,0,责任ETF,510090
61,510110,周期ETF,000063,30,842,0.32,0.00,3.853,11.44,15:00:00,-0.44%,3.8001,23:50:05,1.34%,3.8020,2020-01-23,上证周期,0.00%,8.536,1.044,0,周期ETF,510110
62,510120,非周ETF,000064,30,689,0.21,0.00,3.054,2.84,15:00:00,-3.17%,3.0901,23:50:05,-1.20%,3.0910,2020-01-23,非周期,0.00%,20.338,2.535,0,非周ETF,510120
63,510130,中盘ETF,000044,40,5789,2.32,0.00,3.999,2.13,15:00:00,-3.10%,4.0140,23:50:05,-0.57%,4.0220,2020-01-23,上证中盘,0.00%,14.261,1.561,0,中盘ETF,510130
64,510150,消费ETF,000069,40,2993,1.65,0.00,5.525,427.83,15:00:00,-2.90%,5.5238,23:50:05,-0.27%,5.5400,2020-01-23,消费80,0.00%,25.405,3.564,0,消费ETF,510150
65,510160,小康ETF,399901,200,92006,5.23,-0.01,0.568,145.24,15:00:00,-2.07%,0.5634,23:50:05,0.64%,0.5644,2020-01-23,小康指数,0.00%,10.444,1.268,0,小康ETF,510160
66,510170,商品ETF,000066,50,6923,1.18,0.00,1.706,24.76,15:00:00,-2.01%,1.7160,23:50:05,-0.87%,1.7210,2020-01-23,上证商品,0.00%,16.639,1.118,0,商品ETF,510170
67,510180,180ETF,000010,50,561306,192.75,-0.12,3.434,9081.55,15:00:00,-2.75%,3.4269,23:50:05,0.20%,3.4270,2020-01-23,上证180,0.00%,10.500,1.274,0,180ETF,510180
68,510190,龙头ETF,000065,50,2515,0.89,0.00,3.527,51.34,15:00:00,-0.93%,3.4540,23:50:05,2.05%,3.4560,2020-01-23,上证龙头,0.00%,11.627,1.446,0,龙头ETF,510190
69,510210,综指ETF,000001,50,3764,1.43,0.00,3.799,683.34,15:00:00,-2.46%,3.7898,23:50:05,-0.21%,3.8070,2020-01-23,上证指数,0.00%,12.787,1.381,0,综指ETF,510210
70,510220,中小ETF,000046,100,1873,0.79,0.00,4.220,17.36,15:00:00,-2.22%,4.2130,23:50:05,0.14%,4.2141,2020-01-23,上证中小,0.00%,17.069,1.641,0,中小ETF,510220
71,510230,金融ETF,000018,50,84626,46.66,0.00,5.514,3686.67,15:00:00,-2.37%,5.4997,23:50:05,0.25%,5.5002,2020-01-23,180金融,0.00%,7.950,1.020,0,金融ETF,510230
72,510270,国企ETF,000056,100,1383,0.16,0.00,1.129,20.47,15:00:00,-2.92%,1.1120,23:50:05,1.44%,1.1130,2020-01-23,上证国企,0.00%,9.583,1.117,0,国企ETF,510270
73,510290,380ETF,000009,200,13045,1.98,0.00,1.516,230.74,15:00:00,-2.38%,1.5072,23:50:05,0.54%,1.5079,2020-01-23,上证380,0.00%,18.370,1.981,0,380ETF,510290
74,510300,300ETF,399300,90,1022179,408.46,-12.55,3.996,304204.60,15:00:00,-2.99%,3.9985,23:50:05,-0.06%,3.9983,2020-01-23,沪深300,0.00%,12.145,1.484,0,300ETF,510300
75,510310,HS300ETF,000300,200,478431,85.11,-0.07,1.779,14111.28,15:00:00,-2.68%,1.7741,23:50:05,0.25%,1.7746,2020-01-23,沪深300,0.00%,12.145,1.484,0,HS300ETF,510310
76,510330,华夏300,399300,90,760795,304.55,-1.55,4.003,106921.30,15:00:00,-2.98%,4.0049,23:50:05,-0.05%,4.0050,2020-01-23,沪深300,0.00%,12.145,1.484,0,华夏300,510330
77,510350,工银300,000300,90,94061,37.60,-0.36,3.997,8736.62,15:00:00,-2.80%,3.9842,23:50:05,0.30%,3.9852,2020-01-23,沪深300,0.00%,12.145,1.484,0,工银300,510350
78,510360,广发300,399300,300,250738,33.00,-0.47,1.316,1330.50,15:00:00,-2.95%,1.3135,23:50:05,0.13%,1.3143,2020-01-23,沪深300,0.00%,12.145,1.484,0,广发300,510360
79,510380,国寿300,399300,90,472880,48.71,0.00,1.030,18.15,15:00:00,-3.29%,1.0314,23:50:05,-0.16%,1.0317,2020-01-23,沪深300,0.00%,12.145,1.484,0,国寿300,510380
80,510390,平安300,399300,90,117155,48.61,-0.15,4.149,7966.24,15:00:00,-2.97%,4.1451,23:50:05,0.10%,4.1450,2020-01-23,沪深300,0.00%,12.145,1.484,0,平安300,510390
81,510410,资源ETF,000068,100,19926,1.22,0.01,0.614,600.70,15:00:00,-2.85%,0.6127,23:50:05,0.16%,0.6130,2020-01-23,上证资源,0.00%,16.979,1.046,0,资源ETF,510410
82,510430,50等权,000050,100,5792,0.91,0.00,1.566,4.86,15:00:00,-0.13%,1.5460,23:50:05,1.29%,1.5460,2020-01-23,50等权,0.00%,9.565,1.192,0,50等权,510430
83,510440,500沪市,000802,100,2206,0.36,0.00,1.612,13.14,15:00:00,-1.10%,1.5808,23:50:05,1.96%,1.5810,2020-01-23,500沪市,0.00%,21.563,1.783,0,500沪市,510440
84,510500,500ETF,000905,40,779147,452.76,-0.33,5.811,243776.97,15:00:00,-3.73%,5.8271,23:50:05,-0.24%,5.8247,2020-01-23,中证500,0.00%,25.291,1.887,0,500ETF,510500
85,510510,广发500,000905,200,340704,52.47,0.22,1.540,11747.05,15:00:00,-3.51%,1.5391,23:50:05,0.05%,1.5392,2020-01-23,中证500,0.00%,25.291,1.887,0,广发500,510510
86,510560,国寿500,000905,200,63632,7.53,0.00,1.184,1.39,15:00:00,-0.84%,1.1515,23:50:05,2.81%,1.1516,2020-01-23,中证500,0.00%,25.291,1.887,0,国寿500,510560
87,510580,ZZ500ETF,000905,60,14870,8.25,0.07,5.546,5839.28,15:00:00,-2.91%,5.5129,23:50:05,0.49%,5.5189,2020-01-23,中证500,0.00%,25.291,1.887,0,ZZ500ETF,510580
88,510590,平安500,000905,300,43559,24.14,-0.04,5.541,6077.17,15:00:00,-3.26%,5.5295,23:50:05,0.22%,5.5290,2020-01-23,中证500,0.00%,25.291,1.887,0,平安500,510590
89,510600,沪50ETF,000016,30,3762,1.16,0.01,3.076,2840.26,15:00:00,-2.66%,3.0763,23:50:05,-0.22%,3.0828,2020-01-23,上证50,0.00%,9.565,1.192,0,沪50ETF,510600
90,510630,消费行业,000036,50,7409,2.15,0.00,2.902,215.64,15:00:00,-3.23%,2.9016,23:50:05,-0.25%,2.9094,2020-01-23,上证消费,0.00%,31.895,6.975,0,消费行业,510630
91,510650,金融行业,000038,50,1845,0.36,0.00,1.963,26.00,15:00:00,-2.73%,1.9608,23:50:05,0.12%,1.9607,2020-01-23,上证金融,0.00%,7.566,1.008,0,金融行业,510650
92,510660,医药行业,000037,50,6338,1.28,0.10,2.022,1127.72,15:00:00,-1.99%,2.0183,23:50:05,-0.13%,2.0247,2020-01-23,上证医药,0.00%,38.833,4.359,0,医药行业,510660
93,510680,万家50,000016,100,6192,1.57,-0.01,2.530,2.02,15:00:00,-2.69%,2.4997,23:50:05,1.20%,2.5001,2020-01-23,上证50,0.00%,9.565,1.192,0,万家50,510680
94,510710,上50ETF,000016,30,21052,6.96,-0.12,3.305,2595.02,15:00:00,-2.56%,3.3006,23:50:05,0.07%,3.3026,2020-01-23,上证50,0.00%,9.565,1.192,0,上50ETF,510710
95,510800,上证50,000016,100,24258,2.65,0.00,1.094,1983.02,15:00:00,-2.41%,1.0912,23:50:05,0.15%,1.0924,2020-01-23,上证50,0.00%,9.565,1.192,0,上证50,510800
96,510850,工银上50,000016,60,167750,49.80,-0.41,2.969,16680.83,15:00:00,-2.53%,2.9636,23:50:05,0.16%,2.9644,2020-01-23,上证50,0.00%,9.565,1.192,0,工银上50,510850
97,510880,红利ETF,000015,50,128268,34.21,0.29,2.667,14010.28,15:00:08,-2.27%,2.6596,23:50:05,0.26%,2.6600,2020-01-23,红利指数,0.00%,6.886,0.857,0,红利ETF,510880
98,510900,H股ETF,-,100,769802,94.61,0.00,1.229,98177.42,15:00:00,-2.07%,1.2286,23:50:05,-0.30%,1.2327,2020-01-23,恒生国企,-2.97%,-,-,0,H股ETF,510900
99,511010,国债ETF,000140,1,278,3.36,0.04,120.799,4716.52,15:00:08,0.58%,120.2390,23:50:05,0.34%,120.3950,2020-01-23,5年国债,-,-,-,0,国债ETF,511010
100,511220,城投ETF,-,300,1825,17.71,-0.09,97.046,298.45,15:00:08,0.15%,98.3340,23:50:05,-1.33%,98.3530,2020-01-23,沪质城投,0.00%,-,-,0,城投ETF,511220
101,511260,十年国债,-,1,95,1.04,0.00,109.663,580.73,15:00:08,0.30%,109.8155,23:50:05,-0.19%,109.8720,2020-01-23,10年国债,0.18%,-,-,0,十年国债,511260
102,512000,券商ETF,399975,30,774542,73.35,1.72,0.947,90682.81,15:00:00,-4.15%,0.9433,23:50:05,0.35%,0.9437,2020-01-23,证券公司,0.00%,28.530,1.816,0,券商ETF,512000
103,512010,医药ETF,000913,100,98417,19.00,0.75,1.931,22299.75,15:00:00,-2.38%,1.9269,23:50:05,0.12%,1.9287,2020-01-23,300医药,0.00%,38.617,5.063,0,医药ETF,512010
104,512070,非银ETF,-,100,87816,19.71,0.04,2.244,4630.49,15:00:00,-3.48%,2.2473,23:50:05,-0.24%,2.2493,2020-01-23,300非银,0.00%,-,-,0,非银ETF,512070
105,512090,MSCI易基,-,200,42159,4.84,-0.05,1.149,2337.67,15:00:00,-2.54%,1.1455,23:50:05,0.07%,1.1482,2020-01-23,A股国际通,0.00%,-,-,0,MSCI易基,512090
106,512100,1000ETF,000852,300,25489,1.87,0.00,0.735,2615.25,15:00:00,-3.54%,0.7346,23:50:05,-0.07%,0.7355,2020-01-23,中证1000,0.00%,39.658,2.256,0,1000ETF,512100
107,512120,医药50,000814,50,5975,0.98,0.01,1.639,1076.55,15:00:00,-1.80%,1.6315,23:50:05,0.43%,1.6320,2020-01-23,细分医药,0.00%,36.749,4.583,0,医药50,512120
108,512160,MSCI基金,-,200,57178,6.63,-0.16,1.159,3972.29,15:00:00,-2.44%,1.1519,23:50:05,0.48%,1.1535,2020-01-23,A股国际通,0.00%,-,-,0,MSCI基金,512160
109,512170,医疗ETF,399989,50,34294,4.59,-0.03,1.337,8012.33,15:00:00,-2.19%,1.3357,23:50:05,-0.08%,1.3381,2020-01-23,中证医疗,0.00%,53.268,8.011,0,医疗ETF,512170
110,512180,建信MSCI,-,200,35005,3.84,0.00,1.097,1617.63,15:00:00,-3.69%,1.0994,23:50:05,-0.27%,1.1000,2020-01-23,A股国际通,0.00%,-,-,0,建信MSCI,512180
111,512200,地产ETF,-,100,26238,2.26,0.05,0.861,4497.04,15:00:00,-3.58%,0.8581,23:50:05,0.20%,0.8593,2020-01-23,房地产,0.00%,-,-,0,地产ETF,512200
112,512220,景顺TMT,-,150,22497,3.47,0.00,1.544,77.15,15:00:00,-3.50%,1.5464,23:50:05,-0.24%,1.5477,2020-01-23,TMT150,0.00%,-,-,0,景顺TMT,512220
113,512260,500低波,-,80,20850,2.49,-0.01,1.195,1933.51,15:00:00,-2.92%,1.1961,23:50:05,-0.14%,1.1967,2020-01-23,500低波,0.00%,-,-,0,500低波,512260
114,512280,景顺MSCI,-,200,25201,2.77,-0.07,1.099,944.27,15:00:00,-3.09%,1.1007,23:50:05,-0.24%,1.1016,2020-01-23,A股国际通,0.00%,-,-,0,景顺MSCI,512280
115,512290,生物医药,-,100,97282,12.61,1.24,1.296,20775.37,15:00:00,-0.69%,1.2962,23:50:05,0.14%,1.2942,2020-01-23,CS生医,0.00%,-,-,0,生物医药,512290
116,512300,500医药,000857,50,3862,0.47,0.09,1.215,839.28,15:00:00,-0.98%,1.2127,23:50:05,0.24%,1.2121,2020-01-23,500医药,0.00%,39.077,3.139,0,500医药,512300
117,512310,500工业,000856,50,7239,0.37,0.00,0.505,19.17,15:00:00,-4.17%,0.5081,23:50:05,-0.63%,0.5082,2020-01-23,500工业,0.00%,25.335,1.771,0,500工业,512310
118,512330,500信息,000858,50,94319,10.03,0.14,1.063,1968.32,15:00:00,-3.89%,1.0594,23:50:05,0.19%,1.0610,2020-01-23,500信息,0.00%,86.729,3.692,0,500信息,512330
119,512340,500原料,000854,50,3573,0.27,0.00,0.759,2.30,15:00:00,-1.68%,0.7494,23:50:05,1.25%,0.7496,2020-01-23,500原料,0.00%,16.442,1.485,0,500原料,512340
120,512360,MSCI国际,-,300,14634,1.70,0.00,1.159,39.49,15:00:00,-3.66%,1.1665,23:50:05,-0.69%,1.1670,2020-01-23,A股国际,0.00%,-,-,0,MSCI国际,512360
121,512380,银华MSCI,-,300,119181,12.31,-0.06,1.033,3027.47,15:00:00,-2.82%,1.0335,23:50:05,-0.07%,1.0337,2020-01-23,A股国际通,0.00%,-,-,0,银华MSCI,512380
122,512400,有色ETF,000819,50,85404,6.17,0.04,0.722,6769.79,15:00:00,-2.96%,0.7213,23:50:05,0.01%,0.7219,2020-01-23,有色金属,0.00%,46.443,2.189,0,有色ETF,512400
123,512480,半导体,-,100,89350,16.37,1.39,1.832,58124.77,15:00:00,-1.40%,1.8229,23:50:05,0.40%,1.8247,2020-01-23,中证全指半导体,0.00%,-,-,0,半导体,512480
124,512500,中证500,000905,120,206081,55.81,1.02,2.708,35824.84,15:00:00,-3.77%,2.7082,23:50:05,-0.01%,2.7082,2020-01-23,中证500,0.00%,25.291,1.887,0,中证500,512500
125,512510,ETF500,000905,200,55643,6.76,0.07,1.214,3879.72,15:00:00,-1.62%,1.1906,23:50:05,1.98%,1.1904,2020-01-23,中证500,0.00%,25.291,1.887,0,ETF500,512510
126,512520,MSCIETF,-,200,30906,3.55,-0.02,1.149,496.09,15:00:00,-2.46%,1.1444,23:50:05,0.36%,1.1449,2020-01-23,A股国际通,0.00%,-,-,0,MSCIETF,512520
127,512560,中证军工,-,100,2356,0.20,0.00,0.846,51.50,15:00:00,-2.08%,0.8683,23:50:05,-0.48%,0.8501,2020-01-23,中证军工,0.00%,-,-,0,中证军工,512560
128,512580,环保ETF,000827,60,227547,18.68,-0.06,0.821,1213.11,15:00:00,-3.86%,0.8252,23:50:05,-0.57%,0.8257,2020-01-23,中证环保,0.00%,26.565,2.470,0,环保ETF,512580
129,512600,主要消费,000932,50,545,0.16,0.00,2.878,92.23,15:00:00,-2.74%,2.8459,23:50:05,0.93%,2.8514,2020-01-23,中证消费,0.00%,31.058,6.395,0,主要消费,512600
130,512610,医药卫生,000933,50,1214,0.19,0.00,1.570,110.52,15:00:00,-2.42%,1.5502,23:50:05,1.24%,1.5508,2020-01-23,中证医药,0.00%,38.768,4.208,0,医药卫生,512610
131,512640,金融地产,000934,50,2674,0.54,0.00,2.014,3.06,15:00:00,-1.18%,1.9918,23:50:05,1.00%,1.9940,2020-01-23,中证金融,0.00%,8.319,1.078,0,金融地产,512640
132,512660,军工ETF,399967,100,323108,25.53,-0.18,0.790,16849.64,15:00:00,-1.62%,0.7869,23:50:05,0.41%,0.7868,2020-01-23,中证军工,0.00%,65.582,2.625,0,军工ETF,512660
133,512670,国防ETF,399973,50,8683,0.95,-0.01,1.099,729.54,15:00:00,-2.40%,1.0980,23:50:05,-0.33%,1.1026,2020-01-23,中证国防,0.00%,48.293,3.288,0,国防ETF,512670
134,512680,军工基金,399967,60,55693,4.44,0.00,0.797,761.43,15:00:00,-1.85%,0.7957,23:50:05,0.06%,0.7965,2020-01-23,中证军工,0.00%,65.582,2.625,0,军工基金,512680
135,512690,酒ETF,399987,50,18513,2.15,0.03,1.161,3749.26,15:00:00,-2.85%,1.1521,23:50:05,0.51%,1.1551,2020-01-23,中证酒,0.00%,30.289,7.003,0,酒ETF,512690
136,512700,银行基金,399986,20,28138,3.35,0.00,1.191,521.82,15:00:00,-2.22%,1.1887,23:50:05,-0.02%,1.1912,2020-01-23,中证银行,0.00%,6.448,0.817,0,银行基金,512700
137,512710,军工龙头,-,200,590033,62.60,0.00,1.061,9226.67,15:00:00,-2.66%,1.0593,23:50:05,0.12%,1.0597,2020-01-23,军工龙头,0.00%,-,-,0,军工龙头,512710
138,512720,计算机,-,100,29045,3.63,-0.11,1.249,9702.65,15:00:00,-3.55%,1.2404,23:50:05,0.60%,1.2416,2020-01-23,CS计算机,0.00%,-,-,0,计算机,512720
139,512750,基本面50,000925,100,50915,5.18,-0.02,1.017,1902.86,15:00:00,-2.31%,1.0131,23:50:05,0.31%,1.0139,2020-01-23,基本面50,0.00%,9.217,1.138,0,基本面50,512750
140,512760,半导体50,-,100,291866,57.06,5.02,1.955,239439.05,15:00:00,-2.69%,1.9567,23:50:05,-0.09%,1.9568,2020-01-23,中华半导体,0.00%,-,-,0,半导体50,512760
141,512800,银行ETF,399986,30,270524,29.35,0.52,1.085,24418.64,15:00:00,-2.16%,1.0815,23:50:05,0.26%,1.0822,2020-01-23,中证银行,0.00%,6.448,0.817,0,银行ETF,512800
142,512810,军工行业,399967,100,7179,0.55,0.00,0.765,155.47,15:00:00,-1.92%,0.7583,23:50:05,0.83%,0.7587,2020-01-23,中证军工,0.00%,65.582,2.625,0,军工行业,512810
143,512820,银行股基,399986,30,13360,1.49,0.00,1.118,554.68,15:00:00,-2.19%,1.1166,23:50:05,0.11%,1.1168,2020-01-23,中证银行,0.00%,6.448,0.817,0,银行股基,512820
144,512860,MSCI中国,-,300,2463,0.32,0.00,1.288,155.89,15:00:00,-3.23%,1.2888,23:50:05,-0.20%,1.2906,2020-01-23,A股国际通,0.00%,-,-,0,MSCI中国,512860
145,512880,证券ETF,399975,100,1517529,150.84,-2.20,0.994,177697.23,15:00:00,-3.96%,0.9900,23:50:05,0.38%,0.9902,2020-01-23,证券公司,0.00%,28.530,1.816,0,证券ETF,512880
146,512900,证券基金,399975,30,256571,24.78,0.72,0.966,3907.67,15:00:00,-3.98%,0.9631,23:50:05,0.22%,0.9639,2020-01-23,证券公司,0.00%,28.530,1.816,0,证券基金,512900
147,512920,MSCI新华,-,300,8509,1.10,-0.04,1.296,0.18,15:00:00,-2.56%,1.2925,23:50:05,-0.18%,1.2983,2020-01-23,A股国际,0.00%,-,-,0,MSCI新华,512920
148,512950,央企改革,000860,100,1306155,126.70,0.00,0.970,416.57,15:00:00,-3.10%,0.9690,23:50:05,0.10%,0.9690,2020-01-23,结构调整,0.00%,15.503,1.248,0,央企改革,512950
149,512960,央调ETF,000860,100,1302226,125.66,-0.02,0.965,276.39,15:00:00,-3.02%,0.9657,23:50:05,-0.10%,0.9660,2020-01-23,结构调整,0.00%,15.503,1.248,0,央调ETF,512960
150,512980,传媒ETF,399971,100,253552,22.26,-0.46,0.878,8761.73,15:00:00,-2.66%,0.8772,23:50:05,-0.01%,0.8781,2020-01-23,中证传媒,0.00%,40.323,3.113,0,传媒ETF,512980
151,512990,MSCIA股,-,300,43152,5.39,0.00,1.248,3188.19,15:00:00,-2.65%,1.2437,23:50:05,0.16%,1.2460,2020-01-23,A股国际通,0.00%,-,-,0,MSCIA股,512990
152,515000,科技ETF,-,100,694729,97.96,4.70,1.410,149606.29,15:00:00,-3.23%,1.4048,23:50:05,0.32%,1.4055,2020-01-23,科技龙头,0.00%,-,-,0,科技ETF,515000
153,515010,华夏证券,399975,50,39427,4.04,0.03,1.025,1090.14,15:00:00,-3.94%,1.0196,23:50:05,0.30%,1.0219,2020-01-23,证券公司,0.00%,28.530,1.816,0,华夏证券,515010
154,515020,华夏银基,399986,50,15485,1.53,0.01,0.991,168.25,15:00:00,-1.98%,0.9878,23:50:05,-0.05%,0.9915,2020-01-23,中证银行,0.00%,6.448,0.817,0,华夏银基,515020
155,515050,5GETF,-,80,741107,82.86,2.03,1.118,141833.93,15:00:00,-3.87%,1.1103,23:50:05,0.61%,1.1112,2020-01-23,5G通信,0.00%,-,-,0,5GETF,515050
156,515060,华夏地产,-,100,12348,1.17,0.00,0.944,141.57,15:00:00,-2.68%,0.9398,23:50:05,0.32%,0.9410,2020-01-23,房地产,0.00%,-,-,0,华夏地产,515060
157,515070,AI智能,-,150,69947,7.74,0.32,1.106,16959.71,15:00:00,-3.32%,1.1015,23:50:05,0.05%,1.1055,2020-01-23,CS人工智,0.00%,-,-,0,AI智能,515070
158,515080,中证红利,000922,200,17615,1.83,0.02,1.040,2331.51,15:00:00,-1.89%,1.0322,23:50:05,0.63%,1.0335,2020-01-23,中证红利,0.00%,7.470,0.959,0,中证红利,515080
159,515180,100红利,000922,100,81064,8.06,0.06,0.994,5463.16,15:00:00,-2.74%,0.9930,23:50:05,-0.16%,0.9956,2020-01-23,中证红利,0.00%,7.470,0.959,0,100红利,515180
160,515580,中证科技,-,200,69602,8.09,-0.12,1.163,4224.37,15:00:00,-3.33%,1.1605,23:50:05,0.16%,1.1612,2020-01-23,科技100,0.00%,-,-,0,中证科技,515580
161,515650,消费50,-,200,47718,4.63,0.00,0.970,4072.50,15:00:00,-3.77%,0.9681,23:50:05,-0.14%,0.9714,2020-01-23,CS消费50,0.00%,-,-,0,消费50,515650
162,515800,800ETF,000906,400,430144,42.54,-0.08,0.989,4168.19,15:00:00,-2.75%,0.9856,23:50:05,0.25%,0.9865,2020-01-23,中证800,0.00%,13.473,1.546,0,800ETF,515800
163,515810,ZZ800ETF,000906,300,23691,2.35,0.00,0.993,1954.03,15:00:00,-2.93%,0.9914,23:50:05,-0.14%,0.9944,2020-01-23,中证800,0.00%,13.473,1.546,0,ZZ800ETF,515810
164,515860,科技100,-,-,69488,8.40,-0.23,1.209,5772.76,15:00:00,-1.47%,1.2011,23:50:05,0.52%,1.2028,2020-01-23,新兴科技100,0.00%,-,-,0,科技100,515860
165,515880,通信ETF,-,100,90246,10.26,0.08,1.137,13588.55,15:00:00,-4.13%,1.1327,23:50:05,0.33%,1.1333,2020-01-23,通信设备,0.00%,-,-,0,通信ETF,515880
0,159901,深100ETF,399330,20,141217,73.76,-0.66,5.223,18860.36,15:00:03,-3.81%,5.2252,23:50:04,-0.07%,5.2264,2020-01-23,深证100,0.00%,23.210,3.182,0,深100ETF,159901
1,159902,中 小 板,399005,50,65846,22.68,0.86,3.444,8153.41,15:00:03,-3.45%,3.4470,23:50:04,-0.09%,3.4470,2020-01-23,中小板指,0.00%,27.961,3.688,0,中 小 板,159902
2,159903,深成ETF,399001,300,37615,4.53,0.00,1.205,263.61,15:00:03,-1.95%,1.1786,23:50:04,2.24%,1.1786,2020-01-23,深证成指,0.00%,24.923,2.759,0,深成ETF,159903
3,159905,深红利,399324,50,98094,19.31,0.11,1.969,12090.02,15:00:03,-3.90%,1.9670,23:50:04,0.07%,1.9677,2020-01-23,深证红利,0.00%,16.100,2.429,0,深红利,159905
4,159906,深成长,399346,100,13564,1.46,-0.02,1.080,490.60,15:00:03,-2.44%,1.0649,23:50:04,0.93%,1.0700,2020-01-23,深证成长,0.00%,22.898,3.781,0,深成长,159906
5,159907,中小300,399008,150,15860,2.22,-0.02,1.399,90.76,15:00:03,-4.57%,1.3925,23:50:04,0.45%,1.3927,2020-01-23,中小300,0.00%,29.957,3.137,0,中小300,159907
6,159908,博时创业,399006,150,6723,1.11,0.00,1.656,63.65,15:00:03,-3.33%,1.6526,23:50:04,0.18%,1.6531,2020-01-23,创业板指,0.00%,54.313,5.818,0,博时创业,159908
7,159909,深TMT,399610,25,7002,3.99,0.00,5.699,449.96,15:00:03,-3.52%,5.6975,23:50:04,0.02%,5.6977,2020-01-23,TMT50,0.00%,47.168,5.243,0,深TMT,159909
8,159910,深F120,399702,100,70491,13.86,0.00,1.966,380.43,15:00:03,-3.72%,1.9644,23:50:04,0.08%,1.9645,2020-01-23,深证F120,0.00%,18.224,2.325,0,深F120,159910
9,159911,民营ETF,399337,50,1247,0.54,0.01,4.352,813.06,15:00:03,-2.05%,4.3425,23:50:04,0.18%,4.3443,2020-01-23,深证民营,0.00%,30.753,4.490,0,民营ETF,159911
10,159912,深300ETF,399007,160,8795,1.27,0.00,1.445,254.48,15:00:03,-1.97%,1.4247,23:50:04,1.41%,1.4249,2020-01-23,深证300,0.00%,23.642,2.869,0,深300ETF,159912
11,159913,深价值,399348,100,3633,0.73,0.02,2.010,9.05,15:00:03,-4.74%,2.0133,23:50:04,-0.20%,2.0140,2020-01-23,深证价值,0.00%,13.532,1.737,0,深价值,159913
12,159915,创业板,399006,200,971345,179.99,0.11,1.853,122034.98,15:00:03,-3.39%,1.8537,23:50:04,-0.06%,1.8541,2020-01-23,创业板指,0.00%,54.313,5.818,0,创业板,159915
13,159916,深F60,399701,50,22807,10.01,0.07,4.390,156.52,15:00:03,-3.33%,4.3744,23:50:04,0.34%,4.3753,2020-01-23,深证F60,0.00%,16.715,2.322,0,深F60,159916
14,159918,中创400,399624,100,7756,1.23,0.00,1.584,14.74,15:00:03,-4.12%,1.6039,23:50:04,-1.27%,1.6043,2020-01-23,中创400,0.00%,43.135,2.898,0,中创400,159918
15,159919,300ETF,399300,90,653242,264.63,-2.01,4.051,138927.37,15:00:03,-3.18%,4.0635,23:50:04,-0.31%,4.0635,2020-01-23,沪深300,0.00%,12.145,1.484,0,300ETF,159919
16,159922,500ETF,000905,45,62728,35.86,0.18,5.716,27565.59,15:00:03,-2.97%,5.6912,23:50:04,0.48%,5.6888,2020-01-23,中证500,0.00%,25.291,1.887,0,500ETF,159922
17,159923,100ETF,000903,100,1729,0.30,0.00,1.750,146.04,15:00:03,-2.67%,1.7498,23:50:04,0.00%,1.7500,2020-01-23,中证100,0.00%,10.912,1.376,0,100ETF,159923
18,159925,南方300,000300,200,94320,16.66,-0.14,1.766,751.12,15:00:03,-3.13%,1.7692,23:50:04,-0.25%,1.7704,2020-01-23,沪深300,0.00%,12.145,1.484,0,南方300,159925
19,159928,消费ETF,399932,50,111966,32.55,0.13,2.907,10315.37,15:00:03,-3.81%,2.8941,23:50:04,0.36%,2.8966,2020-01-23,中证消费,0.00%,31.058,6.395,0,消费ETF,159928
20,159929,医药ETF,399933,50,30470,4.96,0.04,1.627,7914.99,15:00:03,-1.81%,1.6238,23:50:04,0.17%,1.6242,2020-01-23,中证医药,0.00%,38.768,4.208,0,医药ETF,159929
21,159930,能源ETF,399928,50,6240,0.42,0.01,0.678,500.69,15:00:03,-2.73%,0.6746,23:50:04,0.50%,0.6746,2020-01-23,中证能源,0.00%,13.924,0.911,0,能源ETF,159930
22,159931,金融ETF,399934,50,1833,0.32,0.01,1.759,68.35,15:00:03,-1.40%,1.7193,23:50:04,2.32%,1.7192,2020-01-23,中证金融,0.00%,8.319,1.078,0,金融ETF,159931
23,159932,500深ETF,399802,100,2251,0.34,0.00,1.514,64.08,15:00:03,-2.01%,1.5088,23:50:04,0.26%,1.5100,2020-01-23,500深市,0.00%,30.620,2.004,0,500深ETF,159932
24,159933,金地ETF,000914,50,18988,4.24,0.00,2.234,0.64,15:00:03,0.95%,2.1424,23:50:04,4.18%,2.1443,2020-01-23,300金融,0.00%,8.180,1.074,0,金地ETF,159933
25,159935,景顺500,000905,200,10657,1.65,0.00,1.549,9.31,15:00:03,0.19%,1.4955,23:50:04,3.43%,1.4976,2020-01-23,中证500,0.00%,25.291,1.887,0,景顺500,159935
26,159936,可选消费,000989,200,23216,3.39,0.09,1.460,72.66,15:00:03,-1.75%,1.4311,23:50:04,1.93%,1.4323,2020-01-23,全指可选,0.00%,27.116,2.050,0,可选消费,159936
27,159938,广发医药,000991,100,175428,25.40,0.49,1.448,7173.65,15:00:03,-2.03%,1.4478,23:50:04,-0.01%,1.4482,2020-01-23,全指医药,0.00%,40.502,4.059,0,广发医药,159938
28,159939,信息技术,000993,200,140683,17.95,0.66,1.276,13913.68,15:00:03,-3.63%,1.2710,23:50:04,0.28%,1.2725,2020-01-23,全指信息,0.00%,79.610,4.493,0,信息技术,159939
29,159940,全指金融,000992,100,64906,6.69,0.02,1.030,216.16,15:00:03,-3.38%,1.0305,23:50:04,-0.09%,1.0309,2020-01-23,全指金融,0.00%,8.438,1.085,0,全指金融,159940
30,159943,深证ETF,399001,30,2184,2.52,0.00,11.560,74.67,15:00:03,-3.51%,11.6316,23:50:04,-0.65%,11.6360,2020-01-23,深证成指,0.00%,24.923,2.759,0,深证ETF,159943
31,159944,全指材料,000987,200,2961,0.23,0.00,0.767,12.72,15:00:03,-1.41%,0.7467,23:50:04,2.66%,0.7471,2020-01-23,全指材料,0.00%,19.738,1.792,0,全指材料,159944
32,159945,全指能源,000986,50,4607,0.28,0.00,0.612,11.99,15:00:03,-3.32%,0.6109,23:50:04,0.11%,0.6113,2020-01-23,全指能源,0.00%,14.069,0.935,0,全指能源,159945
33,159948,创业板EF,399006,50,61320,12.37,0.04,2.018,1263.20,15:00:03,-3.35%,2.0147,23:50:04,0.15%,2.0149,2020-01-23,创业板指,0.00%,54.313,5.818,0,创业板EF,159948
34,159949,创业板50,399673,100,858179,61.02,-0.04,0.711,59181.24,15:00:03,-3.00%,0.7096,23:50:04,0.15%,0.7099,2020-01-23,创业板50,0.00%,62.192,6.524,0,创业板50,159949
35,159951,中关村A,399422,300,1832,0.17,0.00,0.902,1.62,15:00:03,-1.42%,0.8821,23:50:04,2.22%,0.8824,2020-01-23,中关村A,0.00%,32.071,2.167,0,中关村A,159951
36,159952,创业ETF,399006,100,127598,14.20,0.00,1.113,5997.43,15:00:03,-3.72%,1.1113,23:50:04,0.16%,1.1112,2020-01-23,创业板指,0.00%,54.313,5.818,0,创业ETF,159952
37,159953,工业ETF,000988,200,2717,0.21,0.00,0.762,4.23,15:00:03,-2.93%,0.7556,23:50:04,0.81%,0.7559,2020-01-23,全指工业,0.00%,20.970,1.686,0,工业ETF,159953
38,159955,创业板E,399006,200,2283,0.24,-0.01,1.035,193.28,15:00:03,-3.09%,1.0342,23:50:04,-0.12%,1.0362,2020-01-23,创业板指,0.00%,54.313,5.818,0,创业板E,159955
39,159956,创业板F,399006,100,5398,0.61,-0.01,1.121,316.42,15:00:03,-1.41%,1.0979,23:50:04,2.07%,1.0983,2020-01-23,创业板指,0.00%,54.313,5.818,0,创业板F,159956
40,159957,创业板HX,399006,300,15978,1.86,0.01,1.161,223.05,15:00:03,-2.44%,1.1411,23:50:04,1.65%,1.1421,2020-01-23,创业板指,0.00%,54.313,5.818,0,创业板HX,159957
41,159958,创业板ET,399006,70,17761,2.06,0.00,1.160,470.52,15:00:03,-0.34%,1.1227,23:50:04,3.29%,1.1231,2020-01-23,创业板指,0.00%,54.313,5.818,0,创业板ET,159958
42,159959,央企ETF,000860,100,333489,33.85,0.00,1.015,154.18,15:00:03,-2.78%,1.0141,23:50:04,0.09%,1.0141,2020-01-23,结构调整,0.00%,15.503,1.248,0,央企ETF,159959
43,159964,创业板PA,399006,200,3948,0.45,0.00,1.134,52.25,15:00:03,-3.24%,1.1461,23:50:04,-1.17%,1.1474,2020-01-23,创业板指,0.00%,54.313,5.818,0,创业板PA,159964
44,159965,央视50,399550,100,19343,2.20,0.00,1.135,596.66,15:00:03,-2.16%,1.1229,23:50:04,0.80%,1.1260,2020-01-23,央视50,0.00%,9.493,1.390,0,央视50,159965
45,159966,创蓝筹,399295,100,139155,18.37,0.16,1.320,11425.87,15:00:03,-3.08%,1.3179,23:50:04,0.16%,1.3179,2020-01-23,创业蓝筹,0.00%,52.032,7.001,0,创蓝筹,159966
46,159967,创成长,399296,100,13734,1.79,0.12,1.300,2482.62,15:00:03,-3.70%,1.3005,23:50:04,-0.05%,1.3006,2020-01-23,创成长,0.00%,54.761,7.863,0,创成长,159967
47,159968,ZZ500ETF,000905,40,30650,16.51,-0.09,5.385,18229.24,15:00:03,-3.37%,5.3822,23:50:04,0.09%,5.3802,2020-01-23,中证500,0.00%,25.291,1.887,0,ZZ500ETF,159968
48,159969,深100P,399330,100,13990,1.61,0.00,1.149,836.26,15:00:03,-3.69%,1.1484,23:50:04,0.01%,1.1489,2020-01-23,深证100,0.00%,23.210,3.182,0,深100P,159969
49,159971,创业板FG,399006,200,801,0.11,0.00,1.322,58.85,15:00:03,-3.57%,1.3222,23:50:04,-0.11%,1.3234,2020-01-23,创业板指,0.00%,54.313,5.818,0,创业板FG,159971
50,159973,民企100,399362,100,37698,4.62,0.00,1.226,19.29,15:00:03,-0.57%,1.1868,23:50:04,3.26%,1.1873,2020-01-23,民企100,0.00%,25.013,3.662,0,民企100,159973
51,159977,创业板TH,399006,100,137994,26.56,0.04,1.925,5505.33,15:00:03,-3.27%,1.9249,23:50:04,0.00%,1.9250,2020-01-23,创业板指,0.00%,54.313,5.818,0,创业板TH,159977
52,159985,豆粕ETF,DCESMFI,120,32832,3.10,0.14,0.944,1157.77,15:00:03,-1.05%,0.9416,23:50:04,-0.52%,0.9489,2020-01-23,大商所豆粕,0.00%,0.000,0.000,0,豆粕ETF,159985
53,159987,创新ETF,-,100,19846,2.25,0.00,1.133,3564.17,15:00:03,-2.83%,1.1304,23:50:04,0.19%,1.1308,2020-01-23,创新100,0.00%,-,-,0,创新ETF,159987
54,510010,治理ETF,000021,100,28052,3.37,0.00,1.200,15.87,15:00:00,-0.99%,1.1761,23:50:04,2.04%,1.1760,2020-01-23,180治理,0.00%,9.315,1.109,0,治理ETF,510010
55,510020,超大ETF,000980,10,5755,1.70,0.00,2.957,17.99,15:00:00,-3.27%,2.9749,23:50:04,-0.42%,2.9696,2020-01-23,中证超大,0.00%,9.983,1.243,0,超大ETF,510020
56,510030,价值ETF,000029,50,2753,1.49,0.00,5.395,124.57,15:00:00,-2.60%,5.3871,23:50:04,-0.22%,5.4070,2020-01-23,180价值,0.00%,7.626,0.949,0,价值ETF,510030
57,510050,50ETF,000016,90,1444387,422.48,-2.53,2.925,225967.00,15:00:08,-2.69%,2.9248,23:50:05,0.00%,2.9250,2020-01-23,上证50,0.00%,9.565,1.192,0,50ETF,510050
58,510060,央企ETF,000042,100,7296,1.35,0.00,1.844,38.60,15:00:00,-1.65%,1.8243,23:50:05,1.07%,1.8245,2020-01-23,上证央企,0.00%,8.751,0.989,0,央企ETF,510060
59,510070,民企ETF,000049,50,4462,0.86,0.00,1.938,11.46,15:00:00,-2.95%,1.9357,23:50:05,0.10%,1.9360,2020-01-23,上证民企,0.00%,26.726,3.996,0,民企ETF,510070
60,510090,责任ETF,000048,50,4758,0.93,0.00,1.949,3.98,15:00:00,0.72%,1.8690,23:50:05,4.07%,1.8727,2020-01-23,责任指数,0.00%,9.758,1.339,0,责任ETF,510090
61,510110,周期ETF,000063,30,842,0.32,0.00,3.853,11.44,15:00:00,-0.44%,3.8001,23:50:05,1.34%,3.8020,2020-01-23,上证周期,0.00%,8.536,1.044,0,周期ETF,510110
62,510120,非周ETF,000064,30,689,0.21,0.00,3.054,2.84,15:00:00,-3.17%,3.0901,23:50:05,-1.20%,3.0910,2020-01-23,非周期,0.00%,20.338,2.535,0,非周ETF,510120
63,510130,中盘ETF,000044,40,5789,2.32,0.00,3.999,2.13,15:00:00,-3.10%,4.0140,23:50:05,-0.57%,4.0220,2020-01-23,上证中盘,0.00%,14.261,1.561,0,中盘ETF,510130
64,510150,消费ETF,000069,40,2993,1.65,0.00,5.525,427.83,15:00:00,-2.90%,5.5238,23:50:05,-0.27%,5.5400,2020-01-23,消费80,0.00%,25.405,3.564,0,消费ETF,510150
65,510160,小康ETF,399901,200,92006,5.23,-0.01,0.568,145.24,15:00:00,-2.07%,0.5634,23:50:05,0.64%,0.5644,2020-01-23,小康指数,0.00%,10.444,1.268,0,小康ETF,510160
66,510170,商品ETF,000066,50,6923,1.18,0.00,1.706,24.76,15:00:00,-2.01%,1.7160,23:50:05,-0.87%,1.7210,2020-01-23,上证商品,0.00%,16.639,1.118,0,商品ETF,510170
67,510180,180ETF,000010,50,561306,192.75,-0.12,3.434,9081.55,15:00:00,-2.75%,3.4269,23:50:05,0.20%,3.4270,2020-01-23,上证180,0.00%,10.500,1.274,0,180ETF,510180
68,510190,龙头ETF,000065,50,2515,0.89,0.00,3.527,51.34,15:00:00,-0.93%,3.4540,23:50:05,2.05%,3.4560,2020-01-23,上证龙头,0.00%,11.627,1.446,0,龙头ETF,510190
69,510210,综指ETF,000001,50,3764,1.43,0.00,3.799,683.34,15:00:00,-2.46%,3.7898,23:50:05,-0.21%,3.8070,2020-01-23,上证指数,0.00%,12.787,1.381,0,综指ETF,510210
70,510220,中小ETF,000046,100,1873,0.79,0.00,4.220,17.36,15:00:00,-2.22%,4.2130,23:50:05,0.14%,4.2141,2020-01-23,上证中小,0.00%,17.069,1.641,0,中小ETF,510220
71,510230,金融ETF,000018,50,84626,46.66,0.00,5.514,3686.67,15:00:00,-2.37%,5.4997,23:50:05,0.25%,5.5002,2020-01-23,180金融,0.00%,7.950,1.020,0,金融ETF,510230
72,510270,国企ETF,000056,100,1383,0.16,0.00,1.129,20.47,15:00:00,-2.92%,1.1120,23:50:05,1.44%,1.1130,2020-01-23,上证国企,0.00%,9.583,1.117,0,国企ETF,510270
73,510290,380ETF,000009,200,13045,1.98,0.00,1.516,230.74,15:00:00,-2.38%,1.5072,23:50:05,0.54%,1.5079,2020-01-23,上证380,0.00%,18.370,1.981,0,380ETF,510290
74,510300,300ETF,399300,90,1022179,408.46,-12.55,3.996,304204.60,15:00:00,-2.99%,3.9985,23:50:05,-0.06%,3.9983,2020-01-23,沪深300,0.00%,12.145,1.484,0,300ETF,510300
75,510310,HS300ETF,000300,200,478431,85.11,-0.07,1.779,14111.28,15:00:00,-2.68%,1.7741,23:50:05,0.25%,1.7746,2020-01-23,沪深300,0.00%,12.145,1.484,0,HS300ETF,510310
76,510330,华夏300,399300,90,760795,304.55,-1.55,4.003,106921.30,15:00:00,-2.98%,4.0049,23:50:05,-0.05%,4.0050,2020-01-23,沪深300,0.00%,12.145,1.484,0,华夏300,510330
77,510350,工银300,000300,90,94061,37.60,-0.36,3.997,8736.62,15:00:00,-2.80%,3.9842,23:50:05,0.30%,3.9852,2020-01-23,沪深300,0.00%,12.145,1.484,0,工银300,510350
78,510360,广发300,399300,300,250738,33.00,-0.47,1.316,1330.50,15:00:00,-2.95%,1.3135,23:50:05,0.13%,1.3143,2020-01-23,沪深300,0.00%,12.145,1.484,0,广发300,510360
79,510380,国寿300,399300,90,472880,48.71,0.00,1.030,18.15,15:00:00,-3.29%,1.0314,23:50:05,-0.16%,1.0317,2020-01-23,沪深300,0.00%,12.145,1.484,0,国寿300,510380
80,510390,平安300,399300,90,117155,48.61,-0.15,4.149,7966.24,15:00:00,-2.97%,4.1451,23:50:05,0.10%,4.1450,2020-01-23,沪深300,0.00%,12.145,1.484,0,平安300,510390
81,510410,资源ETF,000068,100,19926,1.22,0.01,0.614,600.70,15:00:00,-2.85%,0.6127,23:50:05,0.16%,0.6130,2020-01-23,上证资源,0.00%,16.979,1.046,0,资源ETF,510410
82,510430,50等权,000050,100,5792,0.91,0.00,1.566,4.86,15:00:00,-0.13%,1.5460,23:50:05,1.29%,1.5460,2020-01-23,50等权,0.00%,9.565,1.192,0,50等权,510430
83,510440,500沪市,000802,100,2206,0.36,0.00,1.612,13.14,15:00:00,-1.10%,1.5808,23:50:05,1.96%,1.5810,2020-01-23,500沪市,0.00%,21.563,1.783,0,500沪市,510440
84,510500,500ETF,000905,40,779147,452.76,-0.33,5.811,243776.97,15:00:00,-3.73%,5.8271,23:50:05,-0.24%,5.8247,2020-01-23,中证500,0.00%,25.291,1.887,0,500ETF,510500
85,510510,广发500,000905,200,340704,52.47,0.22,1.540,11747.05,15:00:00,-3.51%,1.5391,23:50:05,0.05%,1.5392,2020-01-23,中证500,0.00%,25.291,1.887,0,广发500,510510
86,510560,国寿500,000905,200,63632,7.53,0.00,1.184,1.39,15:00:00,-0.84%,1.1515,23:50:05,2.81%,1.1516,2020-01-23,中证500,0.00%,25.291,1.887,0,国寿500,510560
87,510580,ZZ500ETF,000905,60,14870,8.25,0.07,5.546,5839.28,15:00:00,-2.91%,5.5129,23:50:05,0.49%,5.5189,2020-01-23,中证500,0.00%,25.291,1.887,0,ZZ500ETF,510580
88,510590,平安500,000905,300,43559,24.14,-0.04,5.541,6077.17,15:00:00,-3.26%,5.5295,23:50:05,0.22%,5.5290,2020-01-23,中证500,0.00%,25.291,1.887,0,平安500,510590
89,510600,沪50ETF,000016,30,3762,1.16,0.01,3.076,2840.26,15:00:00,-2.66%,3.0763,23:50:05,-0.22%,3.0828,2020-01-23,上证50,0.00%,9.565,1.192,0,沪50ETF,510600
90,510630,消费行业,000036,50,7409,2.15,0.00,2.902,215.64,15:00:00,-3.23%,2.9016,23:50:05,-0.25%,2.9094,2020-01-23,上证消费,0.00%,31.895,6.975,0,消费行业,510630
91,510650,金融行业,000038,50,1845,0.36,0.00,1.963,26.00,15:00:00,-2.73%,1.9608,23:50:05,0.12%,1.9607,2020-01-23,上证金融,0.00%,7.566,1.008,0,金融行业,510650
92,510660,医药行业,000037,50,6338,1.28,0.10,2.022,1127.72,15:00:00,-1.99%,2.0183,23:50:05,-0.13%,2.0247,2020-01-23,上证医药,0.00%,38.833,4.359,0,医药行业,510660
93,510680,万家50,000016,100,6192,1.57,-0.01,2.530,2.02,15:00:00,-2.69%,2.4997,23:50:05,1.20%,2.5001,2020-01-23,上证50,0.00%,9.565,1.192,0,万家50,510680
94,510710,上50ETF,000016,30,21052,6.96,-0.12,3.305,2595.02,15:00:00,-2.56%,3.3006,23:50:05,0.07%,3.3026,2020-01-23,上证50,0.00%,9.565,1.192,0,上50ETF,510710
95,510800,上证50,000016,100,24258,2.65,0.00,1.094,1983.02,15:00:00,-2.41%,1.0912,23:50:05,0.15%,1.0924,2020-01-23,上证50,0.00%,9.565,1.192,0,上证50,510800
96,510850,工银上50,000016,60,167750,49.80,-0.41,2.969,16680.83,15:00:00,-2.53%,2.9636,23:50:05,0.16%,2.9644,2020-01-23,上证50,0.00%,9.565,1.192,0,工银上50,510850
97,510880,红利ETF,000015,50,128268,34.21,0.29,2.667,14010.28,15:00:08,-2.27%,2.6596,23:50:05,0.26%,2.6600,2020-01-23,红利指数,0.00%,6.886,0.857,0,红利ETF,510880
98,510900,H股ETF,-,100,769802,94.61,0.00,1.229,98177.42,15:00:00,-2.07%,1.2286,23:50:05,-0.30%,1.2327,2020-01-23,恒生国企,-3.21%,-,-,0,H股ETF,510900
99,511010,国债ETF,000140,1,278,3.36,0.04,120.799,4716.52,15:00:08,0.58%,120.2390,23:50:05,0.34%,120.3950,2020-01-23,5年国债,-,-,-,0,国债ETF,511010
100,511220,城投ETF,-,300,1825,17.71,-0.09,97.046,298.45,15:00:08,0.15%,98.3340,23:50:05,-1.33%,98.3530,2020-01-23,沪质城投,0.00%,-,-,0,城投ETF,511220
101,511260,十年国债,-,1,95,1.04,0.00,109.663,580.73,15:00:08,0.30%,109.8155,23:50:05,-0.19%,109.8720,2020-01-23,10年国债,0.18%,-,-,0,十年国债,511260
102,512000,券商ETF,399975,30,774542,73.35,1.72,0.947,90682.81,15:00:00,-4.15%,0.9433,23:50:05,0.35%,0.9437,2020-01-23,证券公司,0.00%,28.530,1.816,0,券商ETF,512000
103,512010,医药ETF,000913,100,98417,19.00,0.75,1.931,22299.75,15:00:00,-2.38%,1.9269,23:50:05,0.12%,1.9287,2020-01-23,300医药,0.00%,38.617,5.063,0,医药ETF,512010
104,512070,非银ETF,-,100,87816,19.71,0.04,2.244,4630.49,15:00:00,-3.48%,2.2473,23:50:05,-0.24%,2.2493,2020-01-23,300非银,0.00%,-,-,0,非银ETF,512070
105,512090,MSCI易基,-,200,42159,4.84,-0.05,1.149,2337.67,15:00:00,-2.54%,1.1455,23:50:05,0.07%,1.1482,2020-01-23,A股国际通,0.00%,-,-,0,MSCI易基,512090
106,512100,1000ETF,000852,300,25489,1.87,0.00,0.735,2615.25,15:00:00,-3.54%,0.7346,23:50:05,-0.07%,0.7355,2020-01-23,中证1000,0.00%,39.658,2.256,0,1000ETF,512100
107,512120,医药50,000814,50,5975,0.98,0.01,1.639,1076.55,15:00:00,-1.80%,1.6315,23:50:05,0.43%,1.6320,2020-01-23,细分医药,0.00%,36.749,4.583,0,医药50,512120
108,512160,MSCI基金,-,200,57178,6.63,-0.16,1.159,3972.29,15:00:00,-2.44%,1.1519,23:50:05,0.48%,1.1535,2020-01-23,A股国际通,0.00%,-,-,0,MSCI基金,512160
109,512170,医疗ETF,399989,50,34294,4.59,-0.03,1.337,8012.33,15:00:00,-2.19%,1.3357,23:50:05,-0.08%,1.3381,2020-01-23,中证医疗,0.00%,53.268,8.011,0,医疗ETF,512170
110,512180,建信MSCI,-,200,35005,3.84,0.00,1.097,1617.63,15:00:00,-3.69%,1.0994,23:50:05,-0.27%,1.1000,2020-01-23,A股国际通,0.00%,-,-,0,建信MSCI,512180
111,512200,地产ETF,-,100,26238,2.26,0.05,0.861,4497.04,15:00:00,-3.58%,0.8581,23:50:05,0.20%,0.8593,2020-01-23,房地产,0.00%,-,-,0,地产ETF,512200
112,512220,景顺TMT,-,150,22497,3.47,0.00,1.544,77.15,15:00:00,-3.50%,1.5464,23:50:05,-0.24%,1.5477,2020-01-23,TMT150,0.00%,-,-,0,景顺TMT,512220
113,512260,500低波,-,80,20850,2.49,-0.01,1.195,1933.51,15:00:00,-2.92%,1.1961,23:50:05,-0.14%,1.1967,2020-01-23,500低波,0.00%,-,-,0,500低波,512260
114,512280,景顺MSCI,-,200,25201,2.77,-0.07,1.099,944.27,15:00:00,-3.09%,1.1007,23:50:05,-0.24%,1.1016,2020-01-23,A股国际通,0.00%,-,-,0,景顺MSCI,512280
115,512290,生物医药,-,100,97282,12.61,1.24,1.296,20775.37,15:00:00,-0.69%,1.2962,23:50:05,0.14%,1.2942,2020-01-23,CS生医,0.00%,-,-,0,生物医药,512290
116,512300,500医药,000857,50,3862,0.47,0.09,1.215,839.28,15:00:00,-0.98%,1.2127,23:50:05,0.24%,1.2121,2020-01-23,500医药,0.00%,39.077,3.139,0,500医药,512300
117,512310,500工业,000856,50,7239,0.37,0.00,0.505,19.17,15:00:00,-4.17%,0.5081,23:50:05,-0.63%,0.5082,2020-01-23,500工业,0.00%,25.335,1.771,0,500工业,512310
118,512330,500信息,000858,50,94319,10.03,0.14,1.063,1968.32,15:00:00,-3.89%,1.0594,23:50:05,0.19%,1.0610,2020-01-23,500信息,0.00%,86.729,3.692,0,500信息,512330
119,512340,500原料,000854,50,3573,0.27,0.00,0.759,2.30,15:00:00,-1.68%,0.7494,23:50:05,1.25%,0.7496,2020-01-23,500原料,0.00%,16.442,1.485,0,500原料,512340
120,512360,MSCI国际,-,300,14634,1.70,0.00,1.159,39.49,15:00:00,-3.66%,1.1665,23:50:05,-0.69%,1.1670,2020-01-23,A股国际,0.00%,-,-,0,MSCI国际,512360
121,512380,银华MSCI,-,300,119181,12.31,-0.06,1.033,3027.47,15:00:00,-2.82%,1.0335,23:50:05,-0.07%,1.0337,2020-01-23,A股国际通,0.00%,-,-,0,银华MSCI,512380
122,512400,有色ETF,000819,50,85404,6.17,0.04,0.722,6769.79,15:00:00,-2.96%,0.7213,23:50:05,0.01%,0.7219,2020-01-23,有色金属,0.00%,46.443,2.189,0,有色ETF,512400
123,512480,半导体,-,100,89350,16.37,1.39,1.832,58124.77,15:00:00,-1.40%,1.8229,23:50:05,0.40%,1.8247,2020-01-23,中证全指半导体,0.00%,-,-,0,半导体,512480
124,512500,中证500,000905,120,206081,55.81,1.02,2.708,35824.84,15:00:00,-3.77%,2.7082,23:50:05,-0.01%,2.7082,2020-01-23,中证500,0.00%,25.291,1.887,0,中证500,512500
125,512510,ETF500,000905,200,55643,6.76,0.07,1.214,3879.72,15:00:00,-1.62%,1.1906,23:50:05,1.98%,1.1904,2020-01-23,中证500,0.00%,25.291,1.887,0,ETF500,512510
126,512520,MSCIETF,-,200,30906,3.55,-0.02,1.149,496.09,15:00:00,-2.46%,1.1444,23:50:05,0.36%,1.1449,2020-01-23,A股国际通,0.00%,-,-,0,MSCIETF,512520
127,512560,中证军工,-,100,2356,0.20,0.00,0.846,51.50,15:00:00,-2.08%,0.8683,23:50:05,-0.48%,0.8501,2020-01-23,中证军工,0.00%,-,-,0,中证军工,512560
128,512580,环保ETF,000827,60,227547,18.68,-0.06,0.821,1213.11,15:00:00,-3.86%,0.8252,23:50:05,-0.57%,0.8257,2020-01-23,中证环保,0.00%,26.565,2.470,0,环保ETF,512580
129,512600,主要消费,000932,50,545,0.16,0.00,2.878,92.23,15:00:00,-2.74%,2.8459,23:50:05,0.93%,2.8514,2020-01-23,中证消费,0.00%,31.058,6.395,0,主要消费,512600
130,512610,医药卫生,000933,50,1214,0.19,0.00,1.570,110.52,15:00:00,-2.42%,1.5502,23:50:05,1.24%,1.5508,2020-01-23,中证医药,0.00%,38.768,4.208,0,医药卫生,512610
131,512640,金融地产,000934,50,2674,0.54,0.00,2.014,3.06,15:00:00,-1.18%,1.9918,23:50:05,1.00%,1.9940,2020-01-23,中证金融,0.00%,8.319,1.078,0,金融地产,512640
132,512660,军工ETF,399967,100,323108,25.53,-0.18,0.790,16849.64,15:00:00,-1.62%,0.7869,23:50:05,0.41%,0.7868,2020-01-23,中证军工,0.00%,65.582,2.625,0,军工ETF,512660
133,512670,国防ETF,399973,50,8683,0.95,-0.01,1.099,729.54,15:00:00,-2.40%,1.0980,23:50:05,-0.33%,1.1026,2020-01-23,中证国防,0.00%,48.293,3.288,0,国防ETF,512670
134,512680,军工基金,399967,60,55693,4.44,0.00,0.797,761.43,15:00:00,-1.85%,0.7957,23:50:05,0.06%,0.7965,2020-01-23,中证军工,0.00%,65.582,2.625,0,军工基金,512680
135,512690,酒ETF,399987,50,18513,2.15,0.03,1.161,3749.26,15:00:00,-2.85%,1.1521,23:50:05,0.51%,1.1551,2020-01-23,中证酒,0.00%,30.289,7.003,0,酒ETF,512690
136,512700,银行基金,399986,20,28138,3.35,0.00,1.191,521.82,15:00:00,-2.22%,1.1887,23:50:05,-0.02%,1.1912,2020-01-23,中证银行,0.00%,6.448,0.817,0,银行基金,512700
137,512710,军工龙头,-,200,590033,62.60,0.00,1.061,9226.67,15:00:00,-2.66%,1.0593,23:50:05,0.12%,1.0597,2020-01-23,军工龙头,0.00%,-,-,0,军工龙头,512710
138,512720,计算机,-,100,29045,3.63,-0.11,1.249,9702.65,15:00:00,-3.55%,1.2404,23:50:05,0.60%,1.2416,2020-01-23,CS计算机,0.00%,-,-,0,计算机,512720
139,512750,基本面50,000925,100,50915,5.18,-0.02,1.017,1902.86,15:00:00,-2.31%,1.0131,23:50:05,0.31%,1.0139,2020-01-23,基本面50,0.00%,9.217,1.138,0,基本面50,512750
140,512760,半导体50,-,100,291866,57.06,5.02,1.955,239439.05,15:00:00,-2.69%,1.9567,23:50:05,-0.09%,1.9568,2020-01-23,中华半导体,0.00%,-,-,0,半导体50,512760
141,512800,银行ETF,399986,30,270524,29.35,0.52,1.085,24418.64,15:00:00,-2.16%,1.0815,23:50:05,0.26%,1.0822,2020-01-23,中证银行,0.00%,6.448,0.817,0,银行ETF,512800
142,512810,军工行业,399967,100,7179,0.55,0.00,0.765,155.47,15:00:00,-1.92%,0.7583,23:50:05,0.83%,0.7587,2020-01-23,中证军工,0.00%,65.582,2.625,0,军工行业,512810
143,512820,银行股基,399986,30,13360,1.49,0.00,1.118,554.68,15:00:00,-2.19%,1.1166,23:50:05,0.11%,1.1168,2020-01-23,中证银行,0.00%,6.448,0.817,0,银行股基,512820
144,512860,MSCI中国,-,300,2463,0.32,0.00,1.288,155.89,15:00:00,-3.23%,1.2888,23:50:05,-0.20%,1.2906,2020-01-23,A股国际通,0.00%,-,-,0,MSCI中国,512860
145,512880,证券ETF,399975,100,1517529,150.84,-2.20,0.994,177697.23,15:00:00,-3.96%,0.9900,23:50:05,0.38%,0.9902,2020-01-23,证券公司,0.00%,28.530,1.816,0,证券ETF,512880
146,512900,证券基金,399975,30,256571,24.78,0.72,0.966,3907.67,15:00:00,-3.98%,0.9631,23:50:05,0.22%,0.9639,2020-01-23,证券公司,0.00%,28.530,1.816,0,证券基金,512900
147,512920,MSCI新华,-,300,8509,1.10,-0.04,1.296,0.18,15:00:00,-2.56%,1.2925,23:50:05,-0.18%,1.2983,2020-01-23,A股国际,0.00%,-,-,0,MSCI新华,512920
148,512950,央企改革,000860,100,1306155,126.70,0.00,0.970,416.57,15:00:00,-3.10%,0.9690,23:50:05,0.10%,0.9690,2020-01-23,结构调整,0.00%,15.503,1.248,0,央企改革,512950
149,512960,央调ETF,000860,100,1302226,125.66,-0.02,0.965,276.39,15:00:00,-3.02%,0.9657,23:50:05,-0.10%,0.9660,2020-01-23,结构调整,0.00%,15.503,1.248,0,央调ETF,512960
150,512980,传媒ETF,399971,100,253552,22.26,-0.46,0.878,8761.73,15:00:00,-2.66%,0.8772,23:50:05,-0.01%,0.8781,2020-01-23,中证传媒,0.00%,40.323,3.113,0,传媒ETF,512980
151,512990,MSCIA股,-,300,43152,5.39,0.00,1.248,3188.19,15:00:00,-2.65%,1.2437,23:50:05,0.16%,1.2460,2020-01-23,A股国际通,0.00%,-,-,0,MSCIA股,512990
152,515000,科技ETF,-,100,694729,97.96,4.70,1.410,149606.29,15:00:00,-3.23%,1.4048,23:50:05,0.32%,1.4055,2020-01-23,科技龙头,0.00%,-,-,0,科技ETF,515000
153,515010,华夏证券,399975,50,39427,4.04,0.03,1.025,1090.14,15:00:00,-3.94%,1.0196,23:50:05,0.30%,1.0219,2020-01-23,证券公司,0.00%,28.530,1.816,0,华夏证券,515010
154,515020,华夏银基,399986,50,15485,1.53,0.01,0.991,168.25,15:00:00,-1.98%,0.9878,23:50:05,-0.05%,0.9915,2020-01-23,中证银行,0.00%,6.448,0.817,0,华夏银基,515020
155,515050,5GETF,-,80,741107,82.86,2.03,1.118,141833.93,15:00:00,-3.87%,1.1103,23:50:05,0.61%,1.1112,2020-01-23,5G通信,0.00%,-,-,0,5GETF,515050
156,515060,华夏地产,-,100,12348,1.17,0.00,0.944,141.57,15:00:00,-2.68%,0.9398,23:50:05,0.32%,0.9410,2020-01-23,房地产,0.00%,-,-,0,华夏地产,515060
157,515070,AI智能,-,150,69947,7.74,0.32,1.106,16959.71,15:00:00,-3.32%,1.1015,23:50:05,0.05%,1.1055,2020-01-23,CS人工智,0.00%,-,-,0,AI智能,515070
158,515080,中证红利,000922,200,17615,1.83,0.02,1.040,2331.51,15:00:00,-1.89%,1.0322,23:50:05,0.63%,1.0335,2020-01-23,中证红利,0.00%,7.470,0.959,0,中证红利,515080
159,515180,100红利,000922,100,81064,8.06,0.06,0.994,5463.16,15:00:00,-2.74%,0.9930,23:50:05,-0.16%,0.9956,2020-01-23,中证红利,0.00%,7.470,0.959,0,100红利,515180
160,515580,中证科技,-,200,69602,8.09,-0.12,1.163,4224.37,15:00:00,-3.33%,1.1605,23:50:05,0.16%,1.1612,2020-01-23,科技100,0.00%,-,-,0,中证科技,515580
161,515650,消费50,-,200,47718,4.63,0.00,0.970,4072.50,15:00:00,-3.77%,0.9681,23:50:05,-0.14%,0.9714,2020-01-23,CS消费50,0.00%,-,-,0,消费50,515650
162,515800,800ETF,000906,400,430144,42.54,-0.08,0.989,4168.19,15:00:00,-2.75%,0.9856,23:50:05,0.25%,0.9865,2020-01-23,中证800,0.00%,13.473,1.546,0,800ETF,515800
163,515810,ZZ800ETF,000906,300,23691,2.35,0.00,0.993,1954.03,15:00:00,-2.93%,0.9914,23:50:05,-0.14%,0.9944,2020-01-23,中证800,0.00%,13.473,1.546,0,ZZ800ETF,515810
164,515860,科技100,-,-,69488,8.40,-0.23,1.209,5772.76,15:00:00,-1.47%,1.2011,23:50:05,0.52%,1.2028,2020-01-23,新兴科技100,0.00%,-,-,0,科技100,515860
165,515880,通信ETF,-,100,90246,10.26,0.08,1.137,13588.55,15:00:00,-4.13%,1.1327,23:50:05,0.33%,1.1333,2020-01-23,通信设备,0.00%,-,-,0,通信ETF,515880
