,name,net_profit,net_assets,good_will,good_will_ratio,industry,ipo_date
300071.XSHE,华谊嘉信,-1.0183,0.8147,3.8066,467.2097,传媒I,2010-04-21
300268.XSHE,佳沃股份,-5.2974,8.1362,15.0478,184.9481,农林牧渔I,2011-09-27
300143.XSHE,盈康生命,1.7584,21.0592,18.9419,89.9461,医药生物I,2010-12-09
300459.XSHE,金科文化,19.0531,71.304,62.6099,87.807,传媒I,2015-05-15
300299.XSHE,富春股份,0.3937,10.9515,9.1052,83.1409,传媒I,2012-03-19
300010.XSHE,立思辰,2.4922,34.9759,28.8438,82.4676,计算机I,2009-10-30
300344.XSHE,太空智造,0.1033,5.9985,4.6348,77.2658,计算机I,2012-08-01
300318.XSHE,博晖创新,0.3524,10.4535,7.8659,75.2469,医药生物I,2012-05-23
300578.XSHE,会畅通讯,1.4961,10.2092,7.6155,74.5943,通信I,2017-01-25
300465.XSHE,高伟达,3.6709,12.6694,9.1902,72.5389,计算机I,2015-05-28
300149.XSHE,量子生物,3.1441,22.499,16.1706,71.8724,医药生物I,2010-12-22
300278.XSHE,华昌达,-17.9544,10.3817,7.349,70.7883,机械设备I,2011-12-16
300379.XSHE,东方通,0.3858,15.3202,10.7705,70.3029,计算机I,2014-01-28
300109.XSHE,新开源,4.4708,30.3579,21.2827,70.1058,化工I,2010-08-25
300629.XSHE,新劲刚,-0.6037,6.6272,4.4952,67.8305,机械设备I,2017-03-24
300338.XSHE,开元股份,1.6326,21.6174,13.9225,64.4044,传媒I,2012-07-26
300083.XSHE,劲胜智能,-9.8125,26.74,16.5352,61.8371,电子I,2010-05-20
300192.XSHE,科斯伍德,6.057,9.6819,5.9633,61.5927,传媒I,2011-03-22
300449.XSHE,汉邦高科,-0.528,14.2442,8.65,60.7266,计算机I,2015-04-22
300603.XSHE,立昂技术,4.7473,23.7638,14.1945,59.7317,通信I,2017-01-26
300467.XSHE,迅游科技,2.8234,23.9496,14.1732,59.1793,传媒I,2015-05-27
300464.XSHE,星徽精密,3.5218,17.4893,10.1797,58.2054,机械设备I,2015-06-10
300038.XSHE,数知科技,6.964,110.9255,63.1425,56.9234,传媒I,2010-01-08
300145.XSHE,中金环境,9.4789,52.493,29.3227,55.8602,机械设备I,2010-12-09
300058.XSHE,蓝色光标,17.1269,88.2946,49.1081,55.6184,传媒I,2010-02-26
300276.XSHE,三丰智能,4.428,37.26,20.7182,55.6043,机械设备I,2011-11-15
300472.XSHE,新元科技,0.6142,11.6896,6.4609,55.2703,机械设备I,2015-06-11
300473.XSHE,德尔股份,1.5703,20.4031,11.2039,54.9127,汽车I,2015-06-12
300339.XSHE,润和软件,5.8994,47.8329,26.1585,54.6872,计算机I,2012-07-18
300537.XSHE,广信材料,2.0302,13.3192,7.0091,52.6236,化工I,2016-08-30
300123.XSHE,亚光科技,5.5216,49.4853,26.0074,52.5558,国防军工I,2010-09-28
300061.XSHE,旗天科技,-3.6594,23.1032,12.1221,52.4693,传媒I,2010-03-19
300269.XSHE,联建光电,-0.2289,20.1309,10.4814,52.0665,传媒I,2011-10-12
300510.XSHE,金冠股份,0.3473,41.8647,21.4685,51.2806,电气设备I,2016-05-06
300051.XSHE,三五互联,-0.1683,5.9186,2.9252,49.4238,传媒I,2010-02-11
300343.XSHE,联创股份,3.5871,25.6337,12.6463,49.3345,传媒I,2012-08-01
300148.XSHE,天舟文化,4.2859,34.2874,16.88,49.2309,传媒I,2010-12-15
300238.XSHE,冠昊生物,0.3331,11.5615,5.6656,49.0045,医药生物I,2011-07-06
300359.XSHE,全通教育,1.6949,14.4152,7.0561,48.9487,传媒I,2014-01-21
300385.XSHE,雪浪环境,1.4573,13.5045,6.5727,48.6704,机械设备I,2014-06-26
300184.XSHE,力源信息,7.2832,47.4555,23.096,48.6687,电子I,2011-02-22
300513.XSHE,恒实科技,3.574,24.6338,11.9235,48.4029,通信I,2016-05-30
300097.XSHE,智云股份,-2.7637,18.5647,8.9742,48.3401,机械设备I,2010-07-28
300427.XSHE,红相股份,6.2825,22.3685,10.7249,47.9462,电气设备I,2015-02-17
300031.XSHE,宝通科技,5.4963,25.911,12.4049,47.8751,传媒I,2009-12-25
300353.XSHE,东土科技,-3.3988,25.0336,11.8317,47.2635,通信I,2012-09-27
300326.XSHE,凯利泰,6.8011,26.3545,12.4365,47.1892,医药生物I,2012-06-13
300164.XSHE,通源石油,4.7121,19.1724,8.9739,46.8063,采掘I,2011-01-13
300182.XSHE,捷成股份,9.0765,101.2398,47.1126,46.5356,传媒I,2011-02-22
300423.XSHE,鲁亿通,15.5353,33.0176,15.2329,46.1356,电气设备I,2015-02-17
300131.XSHE,英唐智控,4.8862,20.5077,9.38,45.7389,电子I,2010-10-19
300410.XSHE,正业科技,1.3261,19.1183,8.625,45.114,机械设备I,2014-12-31
300132.XSHE,青松股份,12.5566,30.4352,13.6007,44.6872,化工I,2010-10-26
300130.XSHE,新国都,16.396,24.8217,10.9324,44.0438,计算机I,2010-10-19
300451.XSHE,创业慧康,6.0204,25.3439,11.08,43.7188,计算机I,2015-05-14
300311.XSHE,任子行,-1.9657,15.484,6.7469,43.5736,计算机I,2012-04-25
300158.XSHE,振东制药,3.5783,54.9699,23.5426,42.8281,医药生物I,2011-01-07
300200.XSHE,高盟新材,5.0216,16.0715,6.8677,42.7318,化工I,2011-04-07
300520.XSHE,科大国创,2.158,13.5683,5.7881,42.6594,计算机I,2016-07-08
300159.XSHE,新研股份,5.8893,68.5671,28.8197,42.0314,国防军工I,2011-01-07
300050.XSHE,世纪鼎利,0.6126,28.8245,12.0155,41.6849,通信I,2010-01-20
300002.XSHE,神州泰岳,-7.7615,49.3297,20.3896,41.3333,计算机I,2009-10-30
300288.XSHE,朗玛信息,2.2047,14.2277,5.7488,40.4059,计算机I,2012-02-16
300285.XSHE,国瓷材料,12.677,38.031,15.3436,40.3451,化工I,2012-01-13
300375.XSHE,鹏翎股份,1.8617,21.2547,8.5662,40.3024,汽车I,2014-01-27
300209.XSHE,天泽信息,9.4962,40.9881,16.5168,40.2964,计算机I,2011-04-26
300280.XSHE,紫天科技,5.5919,18.629,7.4558,40.0225,传媒I,2011-12-29
300391.XSHE,康跃科技,-1.9064,14.5445,5.8148,39.9793,机械设备I,2014-08-01
300490.XSHE,华自科技,2.8675,17.5298,6.9413,39.597,电气设备I,2015-12-31
300302.XSHE,同有科技,-0.1906,11.6404,4.6071,39.5783,计算机I,2012-03-21
300387.XSHE,富邦股份,1.7956,11.8612,4.6654,39.3331,化工I,2014-07-02
300044.XSHE,赛为智能,1.5243,25.1751,9.879,39.2413,计算机I,2010-01-20
300089.XSHE,文化长城,1.8533,22.5814,8.6742,38.4128,传媒I,2010-06-25
300222.XSHE,科大智能,-4.0066,46.3504,17.7986,38.4001,机械设备I,2011-05-25
300108.XSHE,吉药控股,-1.0551,22.6004,8.5405,37.7894,医药生物I,2010-08-25
300368.XSHE,汇金股份,1.4452,9.3722,3.5226,37.5858,计算机I,2014-01-23
300244.XSHE,迪安诊断,15.8452,51.1168,18.7033,36.5893,医药生物I,2011-07-19
300292.XSHE,吴通控股,-0.0247,16.1626,5.8321,36.0839,传媒I,2012-02-29
300015.XSHE,爱尔眼科,57.4033,68.0615,24.4218,35.882,医药生物I,2009-10-30
300315.XSHE,掌趣科技,13.281,56.3456,20.1144,35.6983,传媒I,2012-05-11
300439.XSHE,美康生物,7.8706,21.5362,7.636,35.4566,医药生物I,2015-04-22
300036.XSHE,超图软件,8.6341,20.316,7.0727,34.8134,计算机I,2009-12-25
300418.XSHE,昆仑万维,35.6478,44.2878,15.3488,34.6569,传媒I,2015-01-21
300035.XSHE,中科电气,3.9035,13.6877,4.7288,34.548,化工I,2009-12-25
300043.XSHE,星辉娱乐,21.4728,30.8053,10.6358,34.526,传媒I,2010-01-20
300350.XSHE,华鹏飞,0.1508,11.7291,4.0453,34.4893,交通运输I,2012-08-21
300424.XSHE,航新科技,1.9885,10.1074,3.4732,34.3628,国防军工I,2015-04-22
300113.XSHE,顺网科技,14.1707,28.5792,9.7905,34.2574,传媒I,2010-08-27
300349.XSHE,金卡智能,11.4193,36.1262,12.312,34.0806,机械设备I,2012-08-17
300230.XSHE,永利股份,9.2361,32.5327,10.9283,33.5917,化工I,2011-06-15
300366.XSHE,创意信息,3.657,24.11,7.9584,33.0086,计算机I,2014-01-27
300003.XSHE,乐普医疗,45.7259,78.8815,25.8329,32.749,医药生物I,2009-10-30
300150.XSHE,世纪瑞尔,1.2292,19.9047,6.4939,32.6247,计算机I,2010-12-22
300441.XSHE,鲍斯股份,5.1533,18.6894,6.0543,32.3943,机械设备I,2015-04-23
300296.XSHE,利亚德,25.4956,83.4894,26.8939,32.2123,电子I,2012-03-15
300332.XSHE,天壕环境,-0.3663,36.0553,11.574,32.1007,公用事业I,2012-06-28
300046.XSHE,台基股份,2.9258,9.0457,2.883,31.8712,电子I,2010-01-20
300256.XSHE,星星科技,7.1571,27.5039,8.7592,31.8473,电子I,2011-08-19
300103.XSHE,达刚控股,3.0578,11.7418,3.7341,31.802,机械设备I,2010-08-12
300099.XSHE,精准信息,1.4981,17.319,5.5055,31.7889,机械设备I,2010-08-06
300466.XSHE,赛摩电气,1.5084,11.2337,3.5699,31.779,电气设备I,2015-05-28
300180.XSHE,华峰超纤,5.6606,51.9693,16.4889,31.7281,化工I,2011-02-22
300013.XSHE,新宁物流,-0.7775,14.6248,4.612,31.5355,交通运输I,2009-10-30
300293.XSHE,蓝英装备,0.2486,9.4801,2.9746,31.3773,机械设备I,2012-03-08
300633.XSHE,开立医疗,-0.8904,13.6527,4.2664,31.2498,医药生物I,2017-04-06
300437.XSHE,清水源,4.1602,18.9998,5.9143,31.1281,化工I,2015-04-23
300290.XSHE,荣科科技,0.2881,10.6887,3.2995,30.8692,计算机I,2012-02-16
300282.XSHE,三盛教育,1.8172,25.7246,7.9371,30.8542,传媒I,2011-12-29
300324.XSHE,旋极信息,8.599,52.7059,16.237,30.8068,计算机I,2012-06-08
300430.XSHE,诚益通,1.0816,16.996,5.2288,30.7648,机械设备I,2015-03-19
300494.XSHE,盛天网络,2.586,10.5369,3.2081,30.4462,传媒I,2015-12-31
300746.XSHE,汉嘉设计,1.2835,11.9663,3.6417,30.433,建筑装饰I,2018-05-25
300250.XSHE,初灵信息,1.8879,10.2737,3.1207,30.3758,计算机I,2011-08-03
300229.XSHE,拓尔思,3.7402,19.9498,6.034,30.2459,计算机I,2011-06-15
300098.XSHE,高新兴,-12.4597,58.1804,17.4244,29.949,通信I,2010-07-28
300078.XSHE,思创医惠,3.1736,23.3791,6.9608,29.7735,电子I,2010-04-30
300336.XSHE,新文化,3.2871,31.2667,9.3064,29.7646,传媒I,2012-07-10
300383.XSHE,光环新网,21.1198,81.218,23.979,29.5243,通信I,2014-01-29
300146.XSHE,汤臣倍健,30.8692,73.257,21.5359,29.3977,食品饮料I,2010-12-15
300248.XSHE,新开普,4.4279,16.4354,4.8307,29.3921,计算机I,2011-07-29
300518.XSHE,盛讯达,0.7881,12.1311,3.5575,29.3256,传媒I,2016-06-24
300271.XSHE,华宇软件,10.4461,57.0117,16.6107,29.1355,计算机I,2011-10-26
300157.XSHE,恒泰艾普,-2.5185,41.9848,12.2032,29.0658,采掘I,2011-01-07
300165.XSHE,天瑞仪器,-0.5525,16.843,4.8886,29.0247,机械设备I,2011-01-25
300434.XSHE,金石亚药,1.7282,27.2005,7.8747,28.9504,医药生物I,2015-04-24
300056.XSHE,三维丝,6.5084,8.7597,2.5358,28.9487,公用事业I,2010-02-26
300242.XSHE,佳云科技,0.6155,10.6022,3.0438,28.7094,传媒I,2011-07-12
300420.XSHE,五洋停车,3.8682,17.5369,5.0212,28.6323,机械设备I,2015-02-17
300672.XSHE,国科微,2.7112,10.5067,2.9983,28.5366,电子I,2017-07-12
300331.XSHE,苏大维格,2.5866,14.7734,4.2158,28.5365,电子I,2012-06-28
300450.XSHE,先导智能,24.2529,38.4817,10.9234,28.3858,机械设备I,2015-05-18
300491.XSHE,通合科技,1.211,6.6574,1.8874,28.3505,电气设备I,2015-12-31
300264.XSHE,佳创视讯,-1.3415,5.1965,1.4728,28.3417,计算机I,2011-09-16
300604.XSHE,长川科技,0.0245,9.6471,2.6966,27.9521,机械设备I,2017-04-17
300120.XSHE,经纬辉开,3.9936,24.7311,6.9034,27.914,电子I,2010-09-17
300682.XSHE,朗新科技,3.1981,41.3511,11.5209,27.8612,计算机I,2017-08-01
300370.XSHE,安控科技,0.0587,10.4206,2.8977,27.807,机械设备I,2014-01-23
300500.XSHE,启迪设计,6.3903,14.4397,4.013,27.7912,建筑装饰I,2016-02-04
300095.XSHE,华伍股份,2.3706,13.4618,3.7337,27.7356,机械设备I,2010-07-28
300680.XSHE,隆盛科技,0.7714,5.7815,1.594,27.5705,汽车I,2017-07-25
300128.XSHE,锦富技术,0.1016,12.7638,3.5001,27.4218,电子I,2010-10-13
300100.XSHE,双林股份,0.5277,27.3231,7.4784,27.3703,汽车I,2010-08-06
300398.XSHE,飞凯材料,6.4687,23.8864,6.4646,27.064,化工I,2014-10-09
300340.XSHE,科恒股份,-0.4802,14.4696,3.888,26.8702,电子I,2012-07-26
300323.XSHE,华灿光电,-18.2229,51.6496,13.8108,26.7393,电子I,2012-06-01
300479.XSHE,神思电子,0.4982,6.6936,1.7721,26.4742,计算机I,2015-06-12
300635.XSHE,中达安,1.792,6.5954,1.7391,26.3691,建筑装饰I,2017-03-31
300077.XSHE,国民技术,-4.3898,9.6457,2.5361,26.293,电子I,2010-04-30
300190.XSHE,维尔利,6.8635,39.0501,10.2362,26.213,公用事业I,2011-03-16
300560.XSHE,中富通,1.4932,6.0197,1.5521,25.7836,通信I,2016-11-01
300053.XSHE,欧比特,1.7816,32.4689,8.3624,25.7551,电子I,2010-02-11
300308.XSHE,中际旭创,15.057,67.3726,17.1676,25.4815,通信I,2012-04-10
300022.XSHE,吉峰科技,-1.5876,3.9997,1.0166,25.4169,商业贸易I,2009-10-30
300168.XSHE,万达信息,0.2556,39.2766,9.8277,25.0216,计算机I,2011-01-25
300480.XSHE,光力科技,0.7892,7.2999,1.7965,24.6104,机械设备I,2015-07-02
300390.XSHE,天华超净,2.3176,8.8474,2.1715,24.544,电子I,2014-07-31
300169.XSHE,天晟新材,0.2337,12.0513,2.9518,24.4937,化工I,2011-01-25
300297.XSHE,蓝盾股份,3.8803,50.9493,12.4467,24.4296,计算机I,2012-03-15
300233.XSHE,金城医药,11.0827,42.845,10.3111,24.0661,医药生物I,2011-06-22
300091.XSHE,金通灵,1.436,25.958,6.204,23.9001,机械设备I,2010-06-25
300084.XSHE,海默科技,-1.786,18.5747,4.3972,23.6732,机械设备I,2010-05-20
300396.XSHE,迪瑞医疗,7.6292,16.8078,3.972,23.6316,医药生物I,2014-09-10
300247.XSHE,融捷健康,0.8876,15.8627,3.737,23.5586,家用电器I,2011-07-29
300496.XSHE,中科创达,6.7807,17.6526,4.1535,23.5291,计算机I,2015-12-10
300656.XSHE,民德电子,0.6288,4.7753,1.1131,23.3094,电子I,2017-05-19
300542.XSHE,新晨科技,0.3562,6.5758,1.5273,23.2258,计算机I,2016-09-20
300525.XSHE,博思软件,3.1092,11.2905,2.612,23.1348,计算机I,2016-07-26
300054.XSHE,鼎龙股份,3.6144,38.0208,8.7764,23.0832,化工I,2010-02-11
300227.XSHE,光韵达,3.2547,10.8991,2.5141,23.0674,电子I,2011-06-08
300301.XSHE,长方集团,0.7509,16.6995,3.8338,22.9574,电子I,2012-03-21
300213.XSHE,佳讯飞鸿,2.7798,20.3959,4.5177,22.15,通信I,2011-05-05
300347.XSHE,泰格医药,19.8991,49.9914,11.0071,22.0181,医药生物I,2012-08-17
300287.XSHE,飞利信,1.5656,38.5146,8.4737,22.0013,计算机I,2012-02-01
300263.XSHE,隆华科技,6.4032,29.5811,6.493,21.9498,公用事业I,2011-09-16
300027.XSHE,华谊兄弟,-28.5714,88.8621,19.4745,21.9154,传媒I,2009-10-30
300279.XSHE,和晶科技,0.3248,8.849,1.9002,21.474,电子I,2011-12-29
300011.XSHE,鼎汉技术,0.1214,19.3589,4.1348,21.3588,电气设备I,2009-10-30
300188.XSHE,美亚柏科,-3.7118,25.5164,5.422,21.2492,计算机I,2011-03-16
300486.XSHE,东杰智能,2.2607,13.6071,2.8883,21.2266,机械设备I,2015-06-30
300307.XSHE,慈星股份,-2.0774,41.1293,8.4711,20.5962,机械设备I,2012-03-29
300738.XSHE,奥飞数据,1.7265,6.6208,1.3571,20.4971,计算机I,2018-01-19
300477.XSHE,合纵科技,1.2733,19.7837,4.0539,20.4912,电气设备I,2015-06-10
300047.XSHE,天源迪科,5.2726,32.1497,6.54,20.3423,计算机I,2010-01-20
300587.XSHE,天铁股份,2.1566,11.2102,2.2576,20.1389,化工I,2017-01-05
300009.XSHE,安科生物,10.971,28.4993,5.6316,19.7604,医药生物I,2009-10-30
300178.XSHE,腾邦国际,-13.8578,30.4345,6.0002,19.715,休闲服务I,2011-02-15
300162.XSHE,雷曼光电,2.3671,9.6884,1.9027,19.6392,电子I,2011-01-13
300409.XSHE,道氏技术,5.0813,24.0406,4.631,19.2633,化工I,2014-12-03
300456.XSHE,耐威科技,1.9493,32.6062,6.2722,19.2363,国防军工I,2015-05-14
300166.XSHE,东方国信,9.6559,53.3385,10.244,19.2057,计算机I,2011-01-25
300444.XSHE,双杰电气,0.1361,17.3143,3.2968,19.0411,电气设备I,2015-04-23
300075.XSHE,数字政通,0.063,23.3171,4.4109,18.9169,计算机I,2010-04-27
300596.XSHE,利安隆,9.3639,18.9636,3.5345,18.6382,化工I,2017-01-19
300086.XSHE,康芝药业,-0.1624,16.7597,3.1043,18.5223,医药生物I,2010-05-26
300069.XSHE,金利华电,0.3808,3.6446,0.6691,18.3599,电气设备I,2010-04-21
300261.XSHE,雅本化学,4.8637,20.3134,3.7269,18.3468,化工I,2011-09-06
300195.XSHE,长荣股份,2.0831,37.0665,6.7926,18.3256,机械设备I,2011-03-29
300081.XSHE,恒信东方,5.4322,26.7504,4.8608,18.1711,通信I,2010-05-20
300381.XSHE,溢多利,5.8392,26.2744,4.7689,18.1504,医药生物I,2014-01-28
300133.XSHE,华策影视,8.2844,70.0824,12.7112,18.1374,传媒I,2010-10-26
300194.XSHE,福安药业,7.2784,39.2275,7.0972,18.0925,医药生物I,2011-03-22
300647.XSHE,超频三,0.2111,6.0974,1.0931,17.9269,电子I,2017-05-03
300045.XSHE,华力创通,2.1117,19.0376,3.369,17.6964,计算机I,2010-01-20
300342.XSHE,天银机电,2.9596,13.8669,2.4325,17.5416,家用电器I,2012-07-26
300298.XSHE,三诺生物,8.3642,26.6302,4.6643,17.515,医药生物I,2012-03-19
300325.XSHE,德威新材,-0.8466,16.035,2.8063,17.5012,化工I,2012-06-01
300620.XSHE,光库科技,2.4514,6.2822,1.0986,17.487,通信I,2017-03-10
300558.XSHE,贝达药业,10.9913,23.8077,4.1358,17.3718,医药生物I,2016-11-07
300201.XSHE,海伦哲,1.8818,16.4008,2.8284,17.2452,机械设备I,2011-04-07
300294.XSHE,博雅生物,11.0081,38.7754,6.6384,17.1202,医药生物I,2012-03-08
300254.XSHE,仟源医药,0.0398,9.6294,1.6466,17.1001,医药生物I,2011-08-19
300065.XSHE,海兰信,2.7656,17.806,3.0223,16.9737,国防军工I,2010-03-26
300495.XSHE,美尚生态,5.7775,43.2455,7.3247,16.9375,建筑装饰I,2015-12-22
300335.XSHE,迪森股份,4.8384,18.2615,3.0512,16.7084,公用事业I,2012-07-10
300731.XSHE,科创新源,2.2423,5.586,0.9325,16.6931,化工I,2017-12-08
300266.XSHE,兴源环境,3.6221,28.3053,4.6357,16.3775,公用事业I,2011-09-27
300246.XSHE,宝莱特,3.0814,5.7636,0.9388,16.2892,医药生物I,2011-07-19
300624.XSHE,万兴科技,3.3989,6.9049,1.1162,16.1653,计算机I,2018-01-18
300007.XSHE,汉威科技,4.5323,21.7558,3.4725,15.9613,机械设备I,2009-10-30
300319.XSHE,麦捷科技,5.2175,21.6761,3.4596,15.9605,电子I,2012-05-23
300741.XSHE,华宝股份,27.0238,74.8954,11.9455,15.9496,食品饮料I,2018-03-01
300112.XSHE,万讯自控,2.7983,10.0585,1.5848,15.7562,机械设备I,2010-08-27
300260.XSHE,新莱应材,1.7326,7.646,1.2032,15.7364,机械设备I,2011-09-06
300683.XSHE,海特生物,1.2023,17.6713,2.7764,15.7113,医药生物I,2017-08-08
300177.XSHE,中海达,1.1137,22.927,3.5798,15.6138,计算机I,2011-02-15
300203.XSHE,聚光科技,16.2957,47.705,7.4424,15.6008,公用事业I,2011-04-15
300147.XSHE,香雪制药,5.3267,41.5705,6.4467,15.5078,医药生物I,2010-12-15
300710.XSHE,万隆光电,0.2871,6.3725,0.9879,15.5028,通信I,2017-10-19
300124.XSHE,汇川技术,28.1662,74.715,11.5414,15.4472,电气设备I,2010-09-28
300137.XSHE,先河环保,7.8184,20.2161,3.1065,15.3665,公用事业I,2010-11-05
300406.XSHE,九强生物,8.5914,18.5214,2.818,15.2149,医药生物I,2014-10-30
300662.XSHE,科锐国际,6.0288,9.459,1.4387,15.2095,休闲服务I,2017-06-08
300460.XSHE,惠伦晶体,0.2844,6.5946,0.9986,15.143,电子I,2015-05-15
300548.XSHE,博创科技,0.1432,6.1612,0.9258,15.026,通信I,2016-10-12
300686.XSHE,智动力,3.2776,8.2083,1.2242,14.9137,电子I,2017-08-04
300034.XSHE,钢研高纳,4.9745,22.1973,3.2009,14.4202,国防军工I,2009-12-25
300237.XSHE,美晨生态,-0.958,37.5904,5.3871,14.331,建筑装饰I,2011-06-29
300232.XSHE,洲明科技,15.2083,30.6003,4.3646,14.2632,电子I,2011-06-22
300059.XSHE,东方财富,52.3751,207.7701,29.5395,14.2174,传媒I,2010-03-19
300369.XSHE,绿盟科技,3.2274,31.1302,4.2195,13.5544,计算机I,2014-01-29
300411.XSHE,金盾股份,13.9332,16.3086,2.2026,13.5057,机械设备I,2014-12-31
300161.XSHE,华中数控,-3.9092,12.4541,1.682,13.5052,机械设备I,2011-01-13
300358.XSHE,楚天科技,-0.2331,23.9551,3.2185,13.4357,医药生物I,2014-01-21
300334.XSHE,津膜科技,-8.5921,16.5041,2.2065,13.3693,公用事业I,2012-07-05
300272.XSHE,开能健康,3.4268,12.2188,1.6227,13.2807,家用电器I,2011-11-02
300174.XSHE,元力股份,2.9526,8.4788,1.1124,13.1197,化工I,2011-02-01
300037.XSHE,新宙邦,10.5912,31.3532,4.1076,13.1011,化工I,2010-01-08
300173.XSHE,智慧松德,-0.1463,8.4845,1.1106,13.09,机械设备I,2011-02-01
300253.XSHE,卫宁健康,10.6232,36.4318,4.749,13.0352,计算机I,2011-08-18
300197.XSHE,铁汉生态,0.6706,70.4302,9.1054,12.9282,建筑装饰I,2011-03-29
300026.XSHE,红日药业,16.7298,71.9687,9.224,12.8166,医药生物I,2009-10-30
300252.XSHE,金信诺,1.1522,25.5518,3.2327,12.6516,通信I,2011-08-18
300571.XSHE,平治信息,10.7173,7.3081,0.8867,12.1328,通信I,2016-12-13
300136.XSHE,信维通信,46.0618,45.502,5.4547,11.9877,电子I,2010-11-05
300328.XSHE,宜安科技,1.7354,14.1961,1.7002,11.9768,有色金属I,2012-06-19
300284.XSHE,苏交科,20.1971,48.3796,5.7784,11.9438,建筑装饰I,2012-01-10
300412.XSHE,迦南科技,1.7961,8.4215,1.0051,11.9353,机械设备I,2014-12-31
300593.XSHE,新雷能,2.4679,8.0069,0.9511,11.8789,电气设备I,2017-01-13
300429.XSHE,强力新材,4.2061,17.1404,2.026,11.82,化工I,2015-03-24
300591.XSHE,万里马,-0.0869,5.3656,0.6336,11.8089,纺织服装I,2017-01-10
300384.XSHE,三联虹普,4.6664,18.2865,2.1532,11.7747,建筑装饰I,2014-08-01
300320.XSHE,海达股份,5.3243,16.5649,1.9417,11.7216,化工I,2012-06-01
300140.XSHE,中环装备,1.5218,25.1836,2.9216,11.6012,公用事业I,2010-11-12
300453.XSHE,三鑫医疗,2.4565,6.8425,0.7923,11.5785,医药生物I,2015-05-15
300085.XSHE,银之杰,2.6478,13.6787,1.5562,11.3767,计算机I,2010-05-26
300199.XSHE,翰宇药业,-15.6721,30.5718,3.4356,11.2379,医药生物I,2011-04-07
300607.XSHE,拓斯达,5.7396,10.1985,1.142,11.1982,机械设备I,2017-02-09
300577.XSHE,开润股份,6.3151,8.3879,0.9153,10.9123,纺织服装I,2016-12-21
300125.XSHE,易世达,0.4937,8.028,0.8587,10.6963,公用事业I,2010-10-13
300048.XSHE,合康新能,-1.8769,23.5184,2.5033,10.6441,电气设备I,2010-01-20
300736.XSHE,百邦科技,-0.8828,3.4126,0.36,10.5501,电子I,2018-01-09
300585.XSHE,奥联电子,0.8583,4.9638,0.5155,10.3858,汽车I,2016-12-29
300348.XSHE,长亮科技,1.5051,13.6111,1.4041,10.3157,计算机I,2012-08-17
300436.XSHE,广生堂,0.3415,5.7956,0.5897,10.1746,医药生物I,2015-04-22
300687.XSHE,赛意信息,4.0427,9.7107,0.9755,10.0459,计算机I,2017-08-03
300176.XSHE,派生科技,-1.1895,10.9468,1.0854,9.9154,非银金融I,2011-02-15
300181.XSHE,佐力药业,0.9796,14.2262,1.4059,9.8826,医药生物I,2011-02-22
300289.XSHE,利德曼,0.6597,14.4345,1.4256,9.8763,医药生物I,2012-02-16
300673.XSHE,佩蒂股份,0.9381,9.9592,0.9593,9.6324,农林牧渔I,2017-07-11
300483.XSHE,沃施股份,6.8225,41.186,3.9618,9.6192,机械设备I,2015-06-30
300212.XSHE,易华录,2.3358,37.3961,3.5944,9.6118,计算机I,2011-05-05
300175.XSHE,朗源股份,-0.1729,10.0399,0.9567,9.5285,农林牧渔I,2011-02-15
300057.XSHE,万顺新材,3.5656,33.715,3.1943,9.4745,轻工制造I,2010-02-26
300611.XSHE,美力科技,0.8352,6.6415,0.6275,9.4477,汽车I,2017-02-20
300457.XSHE,赢合科技,5.2152,32.2777,2.9848,9.2473,机械设备I,2015-05-14
300602.XSHE,飞荣达,10.7826,16.837,1.5542,9.2308,电子I,2017-01-26
300073.XSHE,当升科技,6.8574,34.6001,3.1303,9.047,化工I,2010-04-27
300025.XSHE,华星创业,0.1064,7.6616,0.6884,8.9847,通信I,2009-10-30
300351.XSHE,永贵电器,2.7362,24.5812,2.2076,8.9809,机械设备I,2012-09-20
300006.XSHE,莱美药业,1.5389,18.1427,1.6289,8.9783,医药生物I,2009-10-30
300791.XSHE,仙乐健康,3.0864,19.2475,1.7032,8.849,食品饮料I,2019-09-25
300419.XSHE,浩丰科技,1.1779,8.7234,0.7667,8.7892,计算机I,2015-01-22
300049.XSHE,福瑞股份,1.1887,15.4981,1.3589,8.7679,医药生物I,2010-01-20
300425.XSHE,中建环能,2.3351,17.5613,1.4988,8.5348,公用事业I,2015-02-16
300183.XSHE,东软载波,3.5389,28.3795,2.4015,8.4621,通信I,2011-02-22
300363.XSHE,博腾股份,7.0405,30.0166,2.5009,8.3316,医药生物I,2014-01-29
300506.XSHE,名家汇,6.972,22.3871,1.8234,8.1449,建筑装饰I,2016-03-24
300586.XSHE,美联新材,2.9817,9.8702,0.7934,8.0383,化工I,2017-01-04
300760.XSHE,迈瑞医疗,130.3692,176.2728,14.1199,8.0103,医药生物I,2018-10-16
300262.XSHE,巴安水务,2.0225,24.1148,1.924,7.9784,公用事业I,2011-09-16
300452.XSHE,山河药辅,2.3314,5.7654,0.4526,7.8495,医药生物I,2015-05-15
300448.XSHE,浩云科技,1.4332,13.5566,1.0605,7.823,计算机I,2015-04-24
300526.XSHE,中潜股份,0.868,5.6448,0.4378,7.7557,纺织服装I,2016-08-02
300367.XSHE,东方网力,-29.926,37.3198,2.8158,7.5451,计算机I,2014-01-29
300063.XSHE,天龙集团,2.2971,11.4006,0.8508,7.4623,传媒I,2010-03-26
300470.XSHE,中密控股,5.4271,12.6853,0.8911,7.0246,机械设备I,2015-06-12
300317.XSHE,珈伟新能,-3.6339,29.3746,2.0423,6.9527,电气设备I,2012-05-11
300337.XSHE,银邦股份,-2.8144,13.7086,0.9367,6.8328,有色金属I,2012-07-18
300257.XSHE,开山股份,3.7331,35.4458,2.4015,6.775,机械设备I,2011-08-19
300397.XSHE,天和防务,3.1109,12.121,0.8193,6.7594,国防军工I,2014-09-10
300482.XSHE,万孚生物,9.2489,23.4302,1.576,6.7265,医药生物I,2015-06-30
300665.XSHE,飞鹿股份,0.785,4.4714,0.2996,6.6996,化工I,2017-06-13
300206.XSHE,理邦仪器,2.9186,12.9337,0.8655,6.6915,医药生物I,2011-04-21
300759.XSHE,康龙化成,16.0778,30.7088,2.0516,6.681,医药生物I,2019-01-28
300488.XSHE,恒锋工具,1.9985,9.8086,0.6427,6.5522,机械设备I,2015-07-01
300017.XSHE,网宿科技,-3.1146,93.9897,6.1267,6.5185,通信I,2009-10-30
300388.XSHE,国祯环保,10.584,37.76,2.4601,6.5151,公用事业I,2014-08-01
300404.XSHE,博济医药,0.36,4.3132,0.281,6.5145,医药生物I,2015-04-24
300346.XSHE,南大光电,2.1385,13.6241,0.8825,6.4772,电子I,2012-08-07
300030.XSHE,阳普医疗,0.6368,8.3615,0.5362,6.4132,医药生物I,2009-12-25
300663.XSHE,科蓝软件,-2.5553,6.6916,0.4288,6.4078,计算机I,2017-06-08
300241.XSHE,瑞丰光电,-0.3441,13.5537,0.8306,6.1285,电子I,2011-07-12
300068.XSHE,南都电源,4.2928,63.4031,3.6935,5.8253,电气设备I,2010-04-21
300341.XSHE,麦克奥迪,5.3994,10.2671,0.5935,5.7807,机械设备I,2012-07-26
300523.XSHE,辰安科技,10.4494,15.5709,0.8967,5.7587,计算机I,2016-07-26
300217.XSHE,东方电热,-0.7865,22.5256,1.2867,5.712,家用电器I,2011-05-18
300012.XSHE,华测检测,20.423,30.8668,1.7607,5.7041,综合I,2009-10-30
300386.XSHE,飞天诚信,1.8452,17.7489,1.0044,5.659,计算机I,2014-06-26
300609.XSHE,汇纳科技,2.8445,5.5469,0.3138,5.6568,计算机I,2017-02-15
300249.XSHE,依米康,2.3157,9.975,0.5576,5.5903,家用电器I,2011-08-03
300395.XSHE,菲利华,4.6158,18.3917,1.0009,5.442,有色金属I,2014-09-10
300373.XSHE,扬杰科技,6.2804,25.4676,1.3801,5.4192,电子I,2014-01-23
300310.XSHE,宜通世纪,0.1899,15.7378,0.8513,5.4094,通信I,2012-04-25
300621.XSHE,维业股份,1.7408,9.7308,0.5225,5.3698,建筑装饰I,2017-03-16
300414.XSHE,中光防雷,1.8763,8.7248,0.4629,5.306,通信I,2015-05-13
300040.XSHE,九洲电气,0.941,20.5894,1.0711,5.2023,电气设备I,2010-01-08
300001.XSHE,特锐德,5.2763,36.446,1.8954,5.2005,电气设备I,2009-10-30
300421.XSHE,力星股份,0.8671,11.2029,0.5823,5.1979,机械设备I,2015-02-17
300566.XSHE,激智科技,3.2287,6.7955,0.3466,5.1005,电子I,2016-11-15
300595.XSHE,欧普康视,11.4108,13.326,0.6772,5.0821,医药生物I,2017-01-17
300115.XSHE,长盈精密,8.2772,46.0325,2.3292,5.0598,电子I,2010-09-02
300440.XSHE,运达科技,3.6912,12.3468,0.6194,5.0166,计算机I,2015-04-23
300088.XSHE,长信科技,27.1581,55.871,2.7406,4.9052,电子I,2010-05-26
300155.XSHE,安居宝,2.1555,12.3783,0.6053,4.89,计算机I,2011-01-07
300632.XSHE,光莆股份,6.8798,7.6175,0.361,4.7391,电子I,2017-04-06
300236.XSHE,上海新阳,1.3165,15.874,0.7428,4.6793,化工I,2011-06-29
300559.XSHE,佳发教育,5.9539,9.5218,0.445,4.6736,计算机I,2016-11-01
300228.XSHE,富瑞特装,-0.13,18.0566,0.8131,4.5032,机械设备I,2011-06-08
300725.XSHE,药石科技,4.8164,6.9436,0.312,4.4938,医药生物I,2017-11-10
300259.XSHE,新天科技,7.8699,21.4044,0.9251,4.3221,机械设备I,2011-08-31
300322.XSHE,硕贝德,1.2437,7.0861,0.3022,4.2652,电子I,2012-06-08
300416.XSHE,苏试试验,2.1896,8.6825,0.342,3.9389,机械设备I,2015-01-22
300655.XSHE,晶瑞股份,0.7902,6.1611,0.2358,3.8279,化工I,2017-05-23
300562.XSHE,乐心医疗,1.2885,5.5485,0.2068,3.7273,医药生物I,2016-11-16
300634.XSHE,彩讯股份,3.4001,13.3666,0.492,3.6808,计算机I,2018-03-23
300070.XSHE,碧水源,34.6171,219.9132,8.0645,3.6671,公用事业I,2010-04-21
300355.XSHE,蒙草生态,2.6806,47.4704,1.7364,3.6579,建筑装饰I,2012-09-27
300352.XSHE,北信源,3.3867,23.3893,0.8275,3.5381,计算机I,2012-09-12
300692.XSHE,中环环保,3.0875,9.3297,0.3275,3.5107,公用事业I,2017-08-21
300408.XSHE,三环集团,19.9358,73.0135,2.5179,3.4485,电子I,2014-12-03
300512.XSHE,中亚股份,4.6146,13.9651,0.4765,3.4121,机械设备I,2016-05-26
300118.XSHE,东方日升,29.363,90.8676,3.0863,3.3965,电气设备I,2010-09-02
300360.XSHE,炬华科技,6.2829,21.5019,0.6566,3.0538,电气设备I,2014-01-21
300018.XSHE,中元股份,1.2347,10.7883,0.3256,3.0182,电气设备I,2009-10-30
300170.XSHE,汉得信息,-8.2461,31.139,0.9396,3.0174,计算机I,2011-02-01
300119.XSHE,瑞普生物,6.8099,22.5358,0.678,3.0087,农林牧渔I,2010-09-17
300087.XSHE,荃银高科,-4.1974,8.953,0.2685,2.9993,农林牧渔I,2010-05-26
300052.XSHE,中青宝,4.1439,8.5924,0.2573,2.9943,传媒I,2010-02-11
300062.XSHE,中能电气,3.0626,8.1373,0.2354,2.8932,电气设备I,2010-03-19
300141.XSHE,和顺电气,0.1694,7.2949,0.21,2.8787,电气设备I,2010-11-12
300179.XSHE,四方达,3.6896,8.8456,0.2522,2.8507,机械设备I,2011-02-15
300172.XSHE,中电环保,3.617,14.9357,0.4208,2.8175,公用事业I,2011-02-01
300055.XSHE,万邦达,5.1496,58.7368,1.5811,2.6919,公用事业I,2010-02-26
300300.XSHE,汉鼎宇佑,-1.0682,24.662,0.6635,2.6902,计算机I,2012-03-19
300171.XSHE,东富龙,2.2939,31.432,0.8404,2.6737,机械设备I,2011-02-01
300638.XSHE,广和通,3.9939,5.5286,0.1473,2.6634,通信I,2017-04-13
300198.XSHE,纳川股份,-1.757,15.6083,0.4087,2.6187,建筑材料I,2011-04-07
300660.XSHE,江苏雷利,7.6924,22.6793,0.5877,2.5914,电气设备I,2017-06-02
300747.XSHE,锐科激光,6.5839,23.3532,0.6022,2.5787,电子I,2018-06-25
300534.XSHE,陇神戎发,-0.1772,7.2995,0.1878,2.5731,医药生物I,2016-09-13
300753.XSHE,爱朋医疗,3.4507,6.4791,0.165,2.5464,医药生物I,2018-12-13
300531.XSHE,优博讯,0.1196,8.0885,0.1978,2.4448,通信I,2016-08-09
300487.XSHE,蓝晓科技,8.8697,12.4756,0.3034,2.432,化工I,2015-07-02
300082.XSHE,奥克股份,11.4769,33.0258,0.7788,2.3581,化工I,2010-05-20
300713.XSHE,英可瑞,-0.1208,7.5525,0.1777,2.3533,电气设备I,2017-11-01
300503.XSHE,昊志机电,0.266,10.9807,0.2529,2.3031,机械设备I,2016-03-09
300438.XSHE,鹏辉能源,14.395,26.0623,0.5737,2.2014,电子I,2015-04-24
300529.XSHE,健帆生物,11.1627,20.0287,0.4407,2.2004,医药生物I,2016-08-02
300382.XSHE,斯莱克,2.7453,10.1746,0.2194,2.1563,机械设备I,2014-01-29
300392.XSHE,腾信股份,0.2592,5.0339,0.1081,2.1484,传媒I,2014-09-10
300265.XSHE,通光线缆,0.6666,10.6506,0.2223,2.0875,电气设备I,2011-09-16
300469.XSHE,信息发展,0.1636,5.2949,0.1074,2.0279,计算机I,2015-06-11
300422.XSHE,博世科,10.1282,19.541,0.3934,2.0133,公用事业I,2015-02-17
300742.XSHE,越博动力,-8.4106,10.5494,0.2047,1.9408,汽车I,2018-05-08
300770.XSHE,新媒股份,10.6128,20.6513,0.3929,1.9023,传媒I,2019-04-19
300528.XSHE,幸福蓝海,-5.3215,12.9585,0.2443,1.8849,传媒I,2016-08-08
300631.XSHE,久吾高科,2.0202,6.5948,0.124,1.88,公用事业I,2017-03-23
300114.XSHE,中航电测,6.4293,16.4292,0.3024,1.8406,机械设备I,2010-08-27
300226.XSHE,上海钢联,8.8507,27.4845,0.4893,1.7804,传媒I,2011-06-08
300627.XSHE,华测导航,2.406,9.4563,0.1657,1.7528,通信I,2017-03-21
300364.XSHE,中文在线,-3.8861,20.0972,0.3454,1.7186,传媒I,2015-01-21
300608.XSHE,思特奇,1.0109,6.925,0.1156,1.6694,计算机I,2017-02-13
300258.XSHE,精锻科技,4.0092,19.8641,0.3302,1.6621,汽车I,2011-08-26
300187.XSHE,永清环保,0.2579,15.6961,0.253,1.6117,公用事业I,2011-03-08
300234.XSHE,开尔新材,2.5473,9.2683,0.1457,1.5725,建筑材料I,2011-06-22
300240.XSHE,飞力达,0.3052,12.7826,0.1856,1.4522,交通运输I,2011-07-06
300661.XSHE,圣邦股份,5.9328,10.0924,0.1447,1.4337,电子I,2017-06-06
300275.XSHE,梅安森,0.354,5.207,0.0736,1.414,机械设备I,2011-11-02
300021.XSHE,大禹节水,2.2022,15.9566,0.2217,1.3891,农林牧渔I,2009-10-30
300117.XSHE,嘉寓股份,0.1069,17.2766,0.2289,1.325,建筑材料I,2010-09-02
300185.XSHE,通裕重工,5.8994,54.3749,0.6944,1.2771,电气设备I,2011-03-08
300447.XSHE,全信股份,2.0509,10.5092,0.1319,1.2546,电气设备I,2015-04-22
300110.XSHE,华仁药业,1.3796,22.4569,0.2815,1.2536,医药生物I,2010-08-25
300471.XSHE,厚普股份,1.8922,12.3879,0.1543,1.2454,机械设备I,2015-06-11
300555.XSHE,路通视信,-0.0478,6.4202,0.0792,1.2331,通信I,2016-10-18
300204.XSHE,舒泰神,0.5405,16.2971,0.1975,1.212,医药生物I,2011-04-15
300207.XSHE,欣旺达,27.3733,58.4154,0.7073,1.2108,电子I,2011-04-21
300096.XSHE,易联众,2.8312,8.5208,0.1028,1.206,计算机I,2010-07-28
300072.XSHE,三聚环保,0.7985,112.3946,1.3526,1.2034,化工I,2010-04-27
300428.XSHE,四通新材,11.5704,37.4178,0.4486,1.1988,汽车I,2015-03-19
300208.XSHE,青岛中程,-4.2079,20.8795,0.2458,1.1773,电气设备I,2011-04-26
300522.XSHE,世名科技,2.6104,6.4385,0.0723,1.123,化工I,2016-07-05
300215.XSHE,电科院,4.9403,20.6875,0.2251,1.0879,电气设备I,2011-05-11
300712.XSHE,永福股份,0.8085,9.7044,0.1054,1.0864,建筑装饰I,2017-10-31
300135.XSHE,宝利国际,1.1273,12.6398,0.1355,1.0716,化工I,2010-10-26
300205.XSHE,天喻信息,7.8963,14.1761,0.1489,1.0504,通信I,2011-04-21
300139.XSHE,晓程科技,0.2069,11.13,0.1156,1.0387,电子I,2010-11-12
300676.XSHE,华大基因,7.1462,45.5387,0.4711,1.0345,医药生物I,2017-07-14
300004.XSHE,南风股份,4.3379,20.0157,0.2018,1.0085,机械设备I,2009-10-30
300167.XSHE,迪威迅,0.3518,6.0617,0.0578,0.953,计算机I,2011-01-25
300380.XSHE,安硕信息,0.7054,4.559,0.0423,0.9276,计算机I,2014-01-28
300365.XSHE,恒华科技,3.8785,19.4291,0.1776,0.9139,计算机I,2014-01-23
300014.XSHE,亿纬锂能,66.3445,73.3563,0.658,0.897,电子I,2009-10-30
300735.XSHE,光弘科技,11.0398,20.524,0.1772,0.8634,电子I,2017-12-29
300303.XSHE,聚飞光电,10.8035,21.4618,0.1833,0.8543,电子I,2012-03-19
300684.XSHE,中石科技,4.8722,7.4323,0.063,0.8483,化工I,2017-12-27
300707.XSHE,威唐工业,0.7395,6.4836,0.0539,0.8313,汽车I,2017-10-10
300219.XSHE,鸿利智汇,3.4313,19.5479,0.1596,0.8165,电子I,2011-05-18
300333.XSHE,兆日科技,0.8242,8.412,0.0685,0.8141,计算机I,2012-06-28
300485.XSHE,赛升药业,3.2949,26.9386,0.2187,0.8117,医药生物I,2015-06-26
300504.XSHE,天邑股份,3.2763,18.2164,0.134,0.7357,通信I,2018-03-30
300094.XSHE,国联水产,0.4914,27.9074,0.1993,0.7141,农林牧渔I,2010-07-08
300193.XSHE,佳士科技,6.7586,23.0464,0.1644,0.7133,机械设备I,2011-03-22
300598.XSHE,诚迈科技,0.3927,4.6318,0.0315,0.6809,计算机I,2017-01-20
300224.XSHE,正海磁材,3.6815,27.0103,0.1823,0.6749,有色金属I,2011-05-31
300129.XSHE,泰胜风能,8.1898,22.9767,0.1533,0.6673,电气设备I,2010-10-19
300463.XSHE,迈克生物,15.3139,31.9786,0.2132,0.6666,医药生物I,2015-05-28
300066.XSHE,三川智慧,6.2111,17.966,0.1136,0.632,机械设备I,2010-03-26
300151.XSHE,昌红科技,2.0546,9.1525,0.0576,0.6291,机械设备I,2010-12-22
300567.XSHE,精测电子,6.1517,14.4047,0.0899,0.6244,机械设备I,2016-11-22
300722.XSHE,新余国科,0.5187,4.305,0.0268,0.6227,国防军工I,2017-11-10
300142.XSHE,沃森生物,5.0603,56.1097,0.3366,0.5999,医药生物I,2010-11-12
300501.XSHE,海顺新材,1.9756,7.4824,0.0446,0.596,轻工制造I,2016-02-04
300134.XSHE,大富科技,0.9726,54.0001,0.3189,0.5906,通信I,2010-10-26
300674.XSHE,宇信科技,0.7935,17.2159,0.098,0.569,计算机I,2018-11-07
300019.XSHE,硅宝科技,3.8541,8.4321,0.0459,0.5444,化工I,2009-10-30
300304.XSHE,云意电气,3.5649,20.2815,0.1067,0.5259,汽车I,2012-03-21
300669.XSHE,沪宁股份,1.9794,4.9801,0.026,0.5229,机械设备I,2017-06-29
300679.XSHE,电连技术,4.3677,35.3483,0.1848,0.5228,电子I,2017-07-31
300442.XSHE,普丽盛,-0.3172,7.3687,0.0346,0.4689,机械设备I,2015-04-24
300144.XSHE,宋城演艺,48.8868,101.9782,0.455,0.4462,休闲服务I,2010-12-09
300273.XSHE,和佳股份,2.6418,27.6401,0.1161,0.4199,医药生物I,2011-10-26
300645.XSHE,正元智慧,0.2857,6.3303,0.0261,0.4124,计算机I,2017-04-21
300160.XSHE,秀强股份,3.2237,9.8344,0.0399,0.4055,家用电器I,2011-01-13
300281.XSHE,金明精机,0.0589,12.1041,0.049,0.4048,机械设备I,2011-12-29
300498.XSHE,温氏股份,488.9094,382.1207,1.5313,0.4007,农林牧渔I,2015-11-02
300400.XSHE,劲拓股份,1.2505,5.4576,0.0218,0.3999,机械设备I,2014-10-10
300267.XSHE,尔康制药,3.4586,58.1743,0.2183,0.3752,医药生物I,2011-09-27
300122.XSHE,智飞生物,61.5971,51.4384,0.1928,0.3748,医药生物I,2010-09-28
300657.XSHE,弘信电子,6.3495,14.3761,0.0475,0.3301,电子I,2017-05-23
300356.XSHE,光一科技,0.8821,10.6064,0.0344,0.3242,电气设备I,2012-10-09
300484.XSHE,蓝海华腾,-8.9448,6.2464,0.0201,0.3213,电气设备I,2016-03-22
300376.XSHE,易事特,13.9958,54.7348,0.1725,0.3151,电气设备I,2014-01-27
300415.XSHE,伊之密,5.2833,12.8755,0.0392,0.3048,机械设备I,2015-01-23
300152.XSHE,科融环境,0.1802,8.6495,0.0243,0.2804,公用事业I,2010-12-29
300314.XSHE,戴维医疗,2.05,8.0714,0.0205,0.2542,医药生物I,2012-05-08
300664.XSHE,鹏鹞环保,7.04,34.6418,0.0871,0.2514,公用事业I,2018-01-05
300750.XSHE,宁德时代,141.3722,404.8952,1.0042,0.248,电气设备I,2018-06-11
300758.XSHE,七彩化学,4.2275,11.1636,0.0256,0.2292,化工I,2019-02-22
300032.XSHE,金龙机电,-1.1622,13.6238,0.0309,0.2271,电子I,2009-12-25
300106.XSHE,西部牧业,0.0682,7.04,0.015,0.2128,农林牧渔I,2010-08-20
300786.XSHE,国林科技,1.8255,7.5024,0.0156,0.2078,机械设备I,2019-07-23
300612.XSHE,宣亚国际,0.0381,4.1233,0.008,0.1937,传媒I,2017-02-15
300778.XSHE,新城市,2.5659,8.9202,0.0161,0.1809,建筑装饰I,2019-05-10
300605.XSHE,恒锋信息,1.8086,5.2907,0.0094,0.1782,计算机I,2017-02-08
300650.XSHE,太龙照明,1.8135,5.3425,0.0094,0.1763,电子I,2017-05-03
300251.XSHE,光线传媒,100.4022,94.0801,0.1548,0.1646,传媒I,2011-08-03
300497.XSHE,富祥股份,10.2988,14.107,0.0222,0.1572,医药生物I,2015-12-22
300550.XSHE,和仁科技,1.4918,6.1642,0.0093,0.1503,计算机I,2016-10-18
300765.XSHE,新诺威,7.6423,23.5522,0.0347,0.1472,医药生物I,2019-03-22
300255.XSHE,常山药业,7.0302,26.8997,0.0356,0.1322,医药生物I,2011-08-19
300563.XSHE,神宇股份,1.2352,5.1206,0.0067,0.1308,通信I,2016-11-14
300761.XSHE,立华股份,84.0366,60.8441,0.0794,0.1304,农林牧渔I,2019-02-18
300033.XSHE,同花顺,19.3793,35.5324,0.039,0.1096,计算机I,2009-12-25
300575.XSHE,中旗股份,2.2375,12.7017,0.0125,0.0981,化工I,2016-12-20
300295.XSHE,三六五网,3.049,13.1321,0.01,0.0761,传媒I,2012-03-15
300556.XSHE,丝路视觉,1.1257,4.9875,0.0038,0.0754,计算机I,2016-11-04
300309.XSHE,吉艾科技,2.749,21.5132,0.0144,0.0669,非银金融I,2012-04-10
300377.XSHE,赢时胜,4.4711,28.9226,0.015,0.052,计算机I,2014-01-27
300138.XSHE,晨光生物,3.5937,18.4272,0.0068,0.0369,农林牧渔I,2010-11-05
300530.XSHE,达志科技,0.6818,5.2812,0.0017,0.033,化工I,2016-08-09
300547.XSHE,川环科技,2.5823,8.0526,0.0024,0.0293,汽车I,2016-09-30
300643.XSHE,万通智控,0.8047,4.2897,0.0011,0.0249,汽车I,2017-05-05
300405.XSHE,科隆股份,-0.1521,8.5854,0.002,0.0236,化工I,2014-10-30
300458.XSHE,全志科技,6.9652,22.3204,0.0047,0.021,电子I,2015-05-15
300723.XSHE,一品红,6.0529,13.968,0.0026,0.0183,医药生物I,2017-11-16
300757.XSHE,罗博特科,2.7507,7.0544,0.001,0.0141,机械设备I,2019-01-08
300726.XSHE,宏达电子,6.3656,17.3639,0.0009,0.0053,电子I,2017-11-21
300533.XSHE,冰川网络,2.7962,16.3921,0.0006,0.0035,传媒I,2016-08-18
300407.XSHE,凯发电气,1.3444,13.0419,0.0002,0.0017,电气设备I,2014-12-03
300041.XSHE,回天新材,4.3251,16.6685,0.0001,0.0003,化工I,2010-01-08
300090.XSHE,盛运环保,-27.4878,-3.7592,0.0151,-0.4012,公用事业I,2010-06-25
300362.XSHE,天翔环境,-32.2779,-7.767,1.5723,-20.2429,机械设备I,2014-01-21
