,pe,pb,ps,pcf,roe,dyr,cap,open,close,low,high,pre_close,volume,money
2016-04-18,22.54,6.17,4.06,-49.79,27.38,,113.08,23.29,23.29,23.29,23.29,16.18,48813.0,1137048.0
2016-04-19,24.8,6.79,4.47,-54.78,27.38,,124.41,25.63,25.63,25.63,25.63,23.29,11459.0,293654.0
2016-04-20,27.28,7.47,4.92,-60.27,27.38,,136.87,28.19,28.19,28.19,28.19,25.63,16809.0,473908.0
2016-04-21,30.01,8.22,5.41,-66.29,27.38,,150.54,31.01,31.01,31.01,31.01,28.19,39006.0,1209600.0
2016-04-22,33.01,9.04,5.95,-72.93,27.38,,165.62,34.12,34.12,34.12,34.12,31.01,90786.0,3097185.0
2016-04-25,36.31,9.94,6.55,-80.22,27.38,,182.17,37.52,37.52,37.52,37.52,34.12,153014.0,5741844.0
2016-04-26,39.94,10.94,7.2,-88.23,27.38,,200.38,41.28,41.28,41.28,41.28,37.52,165649.0,6837256.0
2016-04-27,43.93,12.03,7.92,-97.06,27.38,,220.41,45.4,45.4,45.4,45.4,41.28,204106.0,9267036.0
2016-04-28,46.17,12.26,8.44,-2482.37,26.56,,242.46,49.94,49.94,49.94,49.94,45.4,672570.0,33590476.0
2016-04-29,50.79,13.49,9.29,-2730.78,26.56,,266.72,54.04,54.94,52.36,54.94,49.94,26159795.0,1423326879.0
2016-05-03,48.19,12.8,8.81,-2590.74,26.56,,253.04,53.84,52.12,50.27,53.84,54.94,18519539.0,959515938.0
2016-05-04,47.73,12.68,8.73,-2566.21,26.56,,250.64,51.33,51.63,50.88,52.49,52.12,12128975.0,625196914.0
2016-05-05,46.42,12.33,8.49,-2495.75,26.56,,243.76,51.15,50.21,49.58,51.15,51.63,12275504.0,616067098.0
2016-05-06,44.02,11.69,8.05,-2366.86,26.56,,231.17,50.3,47.62,47.56,50.97,50.21,11586737.0,572237464.0
2016-05-09,40.42,10.74,7.39,-2173.3,26.56,,212.27,46.75,43.73,43.05,46.75,47.62,9619010.0,429605624.0
2016-05-10,41.78,11.1,7.64,-2246.44,26.56,,219.41,43.25,45.2,43.25,46.66,43.73,10481643.0,475453827.0
2016-05-11,40.13,10.66,7.34,-2157.69,26.56,,210.74,45.65,43.41,43.35,45.74,45.2,7756740.0,343157932.0
2016-05-12,39.65,10.53,7.25,-2131.82,26.56,,208.22,42.18,42.89,41.19,42.94,43.41,6680411.0,281727130.0
2016-05-13,39.96,10.61,7.31,-2148.32,26.56,,209.83,42.71,43.22,42.53,44.33,42.89,7321982.0,317464604.0
2016-05-16,40.32,10.71,7.37,-2167.5,26.56,,211.7,43.01,43.61,42.62,43.73,43.22,5377089.0,232668331.0
2016-05-17,39.93,10.6,7.3,-2146.54,26.56,,209.65,43.59,43.19,43.08,44.58,43.61,6114440.0,267257136.0
2016-05-18,37.29,9.9,6.82,-2004.71,26.56,,195.8,42.54,40.33,39.49,42.54,43.19,7526067.0,308310570.0
2016-05-19,37.05,9.84,6.78,-1991.78,26.56,,194.54,40.49,40.07,39.91,41.0,40.33,5201826.0,210822391.0
2016-05-20,37.83,10.05,6.92,-2033.7,26.56,,198.63,39.48,40.92,39.18,41.15,40.07,5943979.0,239112875.0
2016-05-23,38.89,10.33,7.11,-2090.79,26.56,,204.21,40.89,42.07,40.63,42.84,40.92,7999200.0,335472579.0
2016-05-24,37.71,10.02,6.9,-2027.46,26.56,,198.02,41.75,40.79,40.39,41.77,42.07,5113744.0,209387137.0
2016-05-25,39.06,10.37,7.14,-2100.16,26.56,,205.12,41.23,42.25,40.93,42.35,40.79,6895259.0,286061302.0
2016-05-26,39.72,10.55,7.26,-2135.39,26.56,,208.57,41.99,42.96,40.73,43.12,42.25,7651535.0,320894373.0
2016-05-27,39.39,10.46,7.2,-2117.55,26.56,,206.82,42.57,42.6,42.28,43.95,42.96,8191771.0,353970169.0
2016-05-30,38.96,10.35,7.13,-2094.8,26.56,,204.6,41.9,42.15,41.19,42.97,42.6,5553214.0,234290781.0
2016-05-31,41.59,11.04,7.61,-2235.74,26.56,,218.37,42.31,44.98,42.28,45.17,42.15,10399026.0,459125789.0
2016-06-01,41.87,11.12,7.66,-2250.9,26.56,,219.85,45.04,45.29,44.56,47.09,44.98,10878156.0,498110536.0
2016-06-02,44.58,11.84,8.15,-2396.74,26.56,,234.09,44.89,48.22,44.78,49.22,45.29,12497684.0,581969931.0
2016-06-03,43.66,11.6,7.98,-2347.23,26.56,,229.26,48.18,47.22,46.94,48.71,48.22,10252227.0,488537794.0
2016-06-06,43.73,11.62,8.0,-2351.25,26.56,,229.65,47.74,47.31,46.57,47.96,47.22,6485943.0,306214303.0
2016-06-07,45.74,12.15,8.37,-2459.18,26.56,,240.19,47.32,49.48,47.22,50.07,47.31,11266368.0,550282749.0
2016-06-08,43.52,11.56,7.96,-2339.65,26.56,,228.52,48.62,47.07,46.67,48.89,49.48,9353207.0,446470035.0
2016-06-13,39.16,10.4,7.16,-2105.51,26.56,,205.65,45.65,42.36,42.36,45.65,47.07,9148315.0,403775537.0
2016-06-14,39.52,10.5,7.23,-2124.69,26.56,,207.52,41.45,42.75,41.45,43.2,42.36,4940851.0,209585498.0
2016-06-15,40.9,10.86,7.48,-2198.72,26.56,,214.75,42.17,44.24,41.73,44.91,42.75,7087964.0,310862893.0
2016-06-16,39.98,10.62,7.31,-2149.66,26.56,,209.96,44.33,43.25,43.0,44.84,44.24,5582289.0,244833000.0
2016-06-17,41.02,10.89,7.5,-2205.41,26.56,,215.4,43.52,44.37,43.28,44.42,43.25,5626366.0,247268078.0
2016-06-20,44.76,11.89,8.19,-2406.55,26.56,,235.05,44.69,48.42,43.68,48.8,44.37,12572305.0,584719025.0
2016-06-21,45.48,12.08,8.32,-2444.9,26.56,,238.8,48.42,49.19,47.93,51.46,48.42,14916777.0,734476059.0
2016-06-22,47.33,12.57,8.66,-2544.36,26.56,,248.51,48.44,51.19,48.01,51.6,49.19,12921749.0,651188439.0
2016-06-23,47.52,12.62,8.69,-2554.62,26.56,,249.51,50.53,51.4,50.33,52.31,51.19,10292341.0,528483888.0
2016-06-24,45.63,12.12,8.35,-2453.38,26.56,,239.62,50.88,49.36,47.07,51.37,51.4,10150320.0,503337428.0
2016-06-27,49.57,13.17,9.07,-2665.22,26.56,,260.31,48.48,53.62,48.29,54.11,49.36,10376064.0,532850102.0
2016-06-28,49.45,13.13,9.04,-2658.53,26.56,,259.66,52.94,53.49,52.05,54.1,53.62,8400612.0,446187816.0
2016-06-29,49.35,13.11,9.03,-2653.18,26.56,,259.14,53.97,53.38,52.29,55.5,53.49,13151897.0,706911130.0
2016-06-30,49.07,13.03,8.97,-2638.02,26.56,1.69,257.66,51.15,53.08,50.7,53.5,53.38,10471572.0,542432813.0
2016-07-01,49.39,13.12,9.03,-2655.41,26.56,1.68,259.36,52.31,53.42,52.31,54.69,53.08,8577105.0,459425273.0
2016-07-04,50.54,13.42,9.24,-2716.96,26.56,1.64,265.37,53.28,54.66,52.49,56.05,53.42,9856174.0,537758336.0
2016-07-05,51.65,13.72,9.45,-2776.72,26.56,1.61,271.2,54.66,55.87,53.84,56.22,54.66,14742095.0,813368933.0
2016-07-06,50.19,13.33,9.18,-2698.23,26.56,1.65,263.54,55.28,54.29,53.66,55.62,55.87,9426777.0,513714374.0
2016-07-07,49.81,13.23,9.11,-2678.16,26.56,1.67,261.58,53.74,53.88,52.09,54.7,54.29,7837539.0,417376326.0
2016-07-08,50.01,13.28,9.15,-2688.86,26.56,1.66,262.62,54.04,54.1,53.51,55.45,53.88,7335551.0,399889822.0
2016-07-11,46.51,12.35,8.51,-2500.65,26.56,1.78,244.24,53.83,50.31,49.72,53.83,54.1,9144394.0,472224667.0
2016-07-12,47.56,12.63,8.7,-2556.85,26.56,1.74,249.73,50.25,51.44,48.18,51.68,50.31,6534670.0,328445233.0
2016-07-13,46.98,12.48,8.59,-2525.63,26.56,1.77,246.68,51.15,50.81,50.62,51.96,51.44,5241542.0,268591329.0
2016-07-14,47.92,12.73,8.76,-2576.02,26.56,1.73,251.6,50.9,51.83,50.63,51.91,50.81,4991548.0,257401824.0
2016-07-15,49.34,13.1,9.02,-2652.73,26.56,1.68,259.09,51.83,53.37,51.42,54.12,51.83,7848115.0,417643165.0
2016-07-18,47.92,12.73,8.76,-2576.47,26.56,1.73,251.65,52.94,51.84,51.42,53.35,53.37,4864748.0,254254681.0
2016-07-19,47.51,12.62,8.69,-2554.17,26.56,1.75,249.47,51.42,51.39,50.37,52.36,51.84,4011986.0,205199492.0
2016-07-20,48.05,12.76,8.79,-2583.16,26.56,1.73,252.3,51.39,51.97,51.15,52.67,51.39,3914284.0,203266721.0
2016-07-21,46.5,12.35,8.5,-2499.76,26.56,1.78,244.15,51.88,50.29,50.26,52.28,51.97,4970580.0,253069696.0
2016-07-22,44.75,11.88,8.18,-2405.66,26.56,1.85,234.96,50.23,48.4,48.37,50.5,50.29,4505352.0,221243809.0
2016-07-25,44.54,11.83,8.15,-2394.51,26.56,1.86,233.87,48.45,48.18,47.46,49.23,48.4,3154625.0,152289048.0
2016-07-26,45.24,12.02,8.27,-2432.42,26.56,1.83,237.58,48.14,48.94,48.01,49.07,48.18,2609027.0,127402041.0
2016-07-27,41.88,11.12,7.66,-2251.35,26.56,1.98,219.89,48.95,45.3,44.86,49.06,48.94,5813866.0,270279446.0
2016-07-28,42.0,11.15,7.68,-2258.04,26.56,1.98,220.54,45.34,45.43,43.79,45.76,45.3,3393645.0,152573897.0
2016-07-29,42.42,11.26,7.76,-2280.33,26.56,1.96,222.72,45.72,45.88,44.6,46.61,45.43,3455501.0,158094050.0
2016-08-01,41.08,10.91,7.51,-2208.53,26.56,2.02,215.71,45.52,44.43,43.43,45.52,45.88,3041262.0,134571242.0
2016-08-02,41.98,11.15,7.68,-2256.7,26.56,1.98,220.41,44.78,45.4,44.24,45.46,44.43,2324885.0,104202774.0
2016-08-03,42.76,11.36,7.82,-2299.07,26.56,1.94,224.55,44.95,46.26,44.95,46.66,45.4,4263363.0,195898082.0
2016-08-04,42.47,11.28,7.77,-2283.46,26.56,1.95,223.03,45.81,45.94,45.42,46.22,46.26,2656179.0,121739551.0
2016-08-05,41.65,11.06,7.62,-2239.3,26.56,1.99,218.71,46.03,45.05,44.88,46.39,45.94,2686292.0,122488887.0
2016-08-08,41.93,11.14,7.67,-2254.47,26.56,1.98,220.2,44.86,45.36,43.83,45.39,45.05,2341546.0,104388350.0
2016-08-09,42.36,11.25,7.75,-2277.21,26.56,1.96,222.42,45.35,45.82,45.0,45.92,45.36,2722627.0,123938826.0
2016-08-10,42.45,11.27,7.76,-2282.12,26.56,1.95,222.9,45.85,45.91,45.47,46.52,45.82,3476194.0,160100917.0
2016-08-11,43.14,11.46,7.89,-2319.14,26.56,1.92,226.51,45.77,46.66,44.82,47.56,45.91,5695868.0,263730936.0
2016-08-12,43.97,11.68,8.04,-2363.73,26.56,1.89,230.87,46.26,47.56,46.12,47.96,46.66,5182119.0,243893847.0
2016-08-15,45.58,12.1,8.34,-2450.26,26.56,1.82,239.32,48.01,49.3,46.94,49.67,47.56,6688112.0,323993543.0
2016-08-16,45.35,12.04,8.29,-2438.21,26.56,1.83,238.14,49.29,49.06,48.91,50.16,49.3,5477511.0,270872799.0
2016-08-17,45.74,12.15,8.37,-2459.18,26.56,1.81,240.19,48.9,49.48,48.46,49.94,49.06,4436686.0,218100783.0
2016-08-18,46.22,11.28,8.05,41.02,24.41,1.86,234.44,50.08,48.29,48.17,50.68,49.48,5658429.0,279150020.0
2016-08-19,45.28,11.05,7.89,40.19,24.41,1.9,229.69,47.83,47.31,47.12,48.16,48.29,3845636.0,182540656.0
2016-08-22,44.54,10.87,7.76,39.53,24.41,1.93,225.95,47.47,46.54,46.52,47.48,47.31,2703118.0,126602949.0
2016-08-23,44.91,10.96,7.82,39.86,24.41,1.91,227.82,46.55,46.93,46.34,47.36,46.54,2072366.0,97023810.0
2016-08-24,46.41,11.33,8.08,41.18,24.41,1.85,235.4,47.56,48.49,46.99,49.06,46.93,5505926.0,264632191.0
2016-08-25,46.32,11.31,8.07,41.11,24.41,1.85,234.96,48.01,48.4,47.03,48.63,48.49,3887085.0,186123746.0
2016-08-26,45.89,11.2,7.99,40.73,24.41,1.87,232.78,48.63,47.95,47.73,49.87,48.4,4665590.0,227999541.0
2016-08-29,45.07,11.0,7.85,39.99,24.41,1.91,228.6,47.74,47.09,46.75,47.83,47.95,2783725.0,131476796.0
2016-08-30,45.25,11.04,7.88,40.15,24.41,1.9,229.52,47.2,47.28,47.06,47.71,47.09,1932240.0,91414363.0
2016-08-31,45.24,11.04,7.88,40.15,24.41,1.9,229.47,47.31,47.27,46.22,47.45,47.28,2325010.0,108887029.0
2016-09-01,44.26,10.8,7.71,39.28,24.41,1.94,224.51,47.36,46.25,46.21,47.36,47.27,2495156.0,116535006.0
2016-09-02,43.82,10.7,7.63,38.89,24.41,1.96,222.29,46.26,45.79,45.39,46.51,46.25,2205327.0,101188022.0
2016-09-05,43.61,13.47,7.59,38.7,30.88,1.97,221.2,45.92,45.56,45.48,46.37,45.79,2122605.0,97461957.0
2016-09-06,44.06,13.61,7.67,39.1,30.88,1.95,223.51,45.58,46.04,44.43,46.16,45.56,2705061.0,122291329.0
2016-09-07,43.4,13.4,7.56,38.52,30.88,1.98,220.15,45.81,45.35,45.19,46.19,46.04,1957656.0,89672064.0
2016-09-08,43.58,13.46,7.59,38.68,30.88,1.97,221.07,45.22,45.54,45.19,45.73,45.35,1253079.0,57011339.0
2016-09-09,43.82,13.53,7.63,38.89,30.88,1.96,222.29,45.93,45.79,45.54,46.21,45.54,1891266.0,86804050.0
2016-09-12,42.85,13.23,7.46,38.03,30.88,2.0,217.36,44.86,44.78,44.4,45.28,45.79,1792836.0,80477214.0
2016-09-13,43.25,13.36,7.53,38.39,30.88,1.99,219.41,45.04,45.2,44.78,45.27,44.78,1381658.0,62272478.0
2016-09-14,43.65,13.48,7.6,38.74,30.88,1.97,221.42,44.91,45.61,44.42,46.15,45.2,2391809.0,109087413.0
2016-09-19,42.33,13.07,7.37,37.56,30.88,2.03,214.71,45.62,45.11,44.87,45.62,45.61,1483055.0,66921755.0
2016-09-20,41.47,12.8,7.22,36.8,30.88,2.07,210.35,45.12,44.2,43.93,45.17,45.11,2263578.0,100350801.0
2016-09-21,41.53,12.82,7.23,36.85,30.88,2.07,210.66,44.04,44.26,44.04,44.43,44.2,1097690.0,48567055.0
2016-09-22,41.08,12.69,7.15,36.46,30.88,2.09,208.39,44.49,43.79,43.67,44.83,44.26,1941445.0,85653473.0
2016-09-23,39.95,12.34,6.96,35.45,30.88,2.15,202.64,43.87,42.58,42.56,44.08,43.79,2512890.0,108495354.0
2016-09-26,37.91,11.71,6.6,33.65,30.88,2.27,192.32,42.12,40.41,40.34,42.37,42.58,2546766.0,105190603.0
2016-09-27,39.02,12.05,6.8,34.63,30.88,2.2,197.94,40.4,41.59,40.29,41.73,40.41,2267871.0,93306883.0
2016-09-28,38.44,11.87,6.69,34.11,30.88,2.23,194.97,41.57,40.97,40.81,41.59,41.59,1238618.0,50888824.0
2016-09-29,38.43,11.87,6.69,34.1,30.88,2.23,194.93,41.0,40.96,40.82,41.27,40.97,1097497.0,45069400.0
2016-09-30,38.63,11.93,6.73,34.29,30.88,2.22,195.98,40.78,41.18,40.78,41.27,40.96,1065556.0,43753367.0
2016-10-10,40.01,12.35,6.97,35.51,30.88,2.15,202.95,41.28,42.64,41.28,42.65,41.18,2113872.0,88970661.0
2016-10-11,40.07,12.37,6.98,35.56,30.88,2.14,203.25,42.65,42.71,42.3,43.0,42.64,1576286.0,67256544.0
2016-10-12,40.28,12.44,7.02,35.75,30.88,2.13,204.34,42.28,42.93,42.24,43.46,42.71,2044662.0,87722381.0
2016-10-13,39.8,12.29,6.93,35.32,30.88,2.16,201.9,42.97,42.42,42.39,42.98,42.93,1396495.0,59560422.0
2016-10-14,39.6,12.23,6.9,35.15,30.88,2.17,200.9,42.43,42.21,41.79,42.55,42.42,1498266.0,63010516.0
2016-10-17,39.29,12.13,6.84,34.87,30.88,2.19,199.29,42.21,41.87,41.83,42.71,42.21,1804704.0,76382760.0
2016-10-18,40.2,12.41,7.0,35.67,30.88,2.14,203.9,42.09,42.84,41.74,42.98,41.87,1964729.0,83113168.0
2016-10-19,39.98,12.35,6.96,35.48,30.88,2.15,202.82,42.89,42.61,42.49,43.0,42.84,1720275.0,73439047.0
2016-10-20,40.37,12.47,7.03,35.83,30.88,2.13,204.78,42.74,43.03,42.48,43.17,42.61,2016325.0,86301299.0
2016-10-21,39.84,12.3,6.94,35.35,30.88,2.16,202.07,42.98,42.46,41.85,42.98,43.03,1884852.0,79947010.0
2016-10-24,40.08,12.38,6.98,35.57,30.88,2.14,203.29,42.59,42.71,41.92,42.92,42.46,1923428.0,81736215.0
2016-10-25,40.91,12.63,7.12,36.31,30.88,2.1,207.52,42.53,43.6,42.53,43.9,42.71,3417702.0,148450250.0
2016-10-26,36.14,11.44,6.52,33.19,31.65,2.1,207.78,43.93,43.66,43.56,44.36,43.6,3391072.0,148871465.0
2016-10-27,36.44,11.53,6.58,33.46,31.65,2.08,209.52,43.82,44.02,43.38,44.25,43.66,2397802.0,105206482.0
2016-10-28,36.01,11.4,6.5,33.07,31.65,2.1,207.04,43.92,43.5,43.47,44.34,44.02,2367128.0,103817370.0
2016-10-31,36.01,11.4,6.5,33.07,31.65,2.1,207.08,43.29,43.51,42.66,43.64,43.5,1605412.0,69215455.0
2016-11-01,37.94,12.01,6.85,34.84,31.65,2.0,218.15,43.66,45.84,43.66,47.08,43.51,6078523.0,277926644.0
2016-11-02,37.36,11.82,6.74,34.31,31.65,2.03,214.79,45.49,45.13,44.94,45.61,45.84,3548332.0,160627537.0
2016-11-03,37.35,11.82,6.74,34.3,31.65,2.03,214.75,44.87,45.12,44.76,46.18,45.13,3514095.0,160311032.0
2016-11-04,38.91,12.32,7.02,35.73,31.65,1.95,223.72,45.1,47.01,44.95,47.56,45.12,7025665.0,327684150.0
2016-11-07,39.11,12.38,7.06,35.92,31.65,1.94,224.9,47.0,47.25,46.7,48.15,47.01,4255783.0,201637151.0
2016-11-08,39.09,12.37,7.05,35.9,31.65,1.94,224.77,47.04,47.23,46.35,47.57,47.25,3228701.0,151719076.0
2016-11-09,38.14,12.07,6.88,35.03,31.65,1.99,219.32,47.01,46.08,45.38,47.36,47.23,4488070.0,207609936.0
2016-11-10,39.67,12.56,7.16,36.43,31.65,1.91,228.12,46.42,47.93,46.4,48.85,46.08,7119821.0,340191809.0
2016-11-11,39.27,12.43,7.09,36.07,31.65,1.93,225.82,47.62,47.45,47.32,48.51,47.93,4419396.0,211340473.0
2016-11-14,39.08,12.37,7.05,35.89,31.65,1.94,224.73,47.58,47.22,46.71,47.87,47.45,2681452.0,126362602.0
2016-11-15,39.79,12.59,7.18,36.54,31.65,1.9,228.78,47.93,48.07,47.6,48.86,47.22,4378732.0,211229009.0
2016-11-16,39.64,12.55,7.15,36.41,31.65,1.91,227.95,47.77,47.89,47.04,48.07,48.07,2975772.0,141072009.0
2016-11-17,38.46,12.17,6.94,35.32,31.65,1.97,221.15,47.73,46.47,46.42,47.87,47.89,2266921.0,106152016.0
2016-11-18,38.65,12.23,6.97,35.49,31.65,1.96,222.24,46.69,46.7,46.49,47.41,46.47,2567844.0,120535348.0
2016-11-21,40.42,12.79,7.29,37.12,31.65,1.87,232.44,46.91,48.84,46.49,49.04,46.7,7073101.0,341048572.0
2016-11-22,40.21,12.73,7.26,36.93,31.65,1.88,231.22,48.75,48.58,48.13,48.75,48.84,4122020.0,199427162.0
2016-11-23,39.82,12.6,7.18,36.57,31.65,1.9,228.95,48.51,48.11,47.91,49.38,48.58,3827579.0,186083933.0
2016-11-24,39.85,12.61,7.19,36.59,31.65,1.9,229.13,47.75,48.14,47.7,48.49,48.11,2758950.0,132733206.0
2016-11-25,39.0,12.34,7.04,35.82,31.65,1.94,224.25,47.59,47.12,45.63,48.09,48.14,3345051.0,155974914.0
2016-11-28,38.39,12.15,6.93,35.25,31.65,1.97,220.72,46.59,46.38,45.75,47.04,47.12,3239534.0,149849082.0
2016-11-29,37.57,11.89,6.78,34.5,31.65,2.02,216.01,46.27,45.39,45.3,46.61,46.38,1838349.0,84629147.0
2016-11-30,37.71,11.94,6.8,34.63,31.65,2.01,216.84,45.32,45.56,45.03,45.76,45.39,1440299.0,65501292.0
2016-12-01,38.07,12.05,6.87,34.97,31.65,1.99,218.93,45.56,46.0,45.56,46.29,45.56,1174393.0,54008685.0
2016-12-02,36.39,11.52,6.57,33.42,31.65,2.08,209.26,45.93,43.97,43.95,45.93,46.0,2571100.0,114821621.0
2016-12-05,36.18,11.45,6.53,33.23,31.65,2.09,208.04,43.65,43.71,43.35,44.33,43.97,1144385.0,50175511.0
2016-12-06,36.5,11.55,6.59,33.52,31.65,2.08,209.87,43.84,44.1,43.72,44.35,43.71,880145.0,38867112.0
2016-12-07,37.07,11.73,6.69,34.04,31.65,2.04,213.14,43.93,44.78,43.93,44.94,44.1,1365245.0,60754636.0
2016-12-08,36.73,11.63,6.63,33.73,31.65,2.06,211.22,44.81,44.38,44.3,45.12,44.78,961560.0,42932376.0
2016-12-09,36.44,11.53,6.58,33.46,31.65,2.08,209.52,44.35,44.02,43.97,44.65,44.38,916800.0,40589382.0
2016-12-12,34.38,10.88,6.2,31.57,31.65,2.2,197.68,43.97,41.53,41.46,44.3,44.02,2042658.0,86687559.0
2016-12-13,34.64,10.97,6.25,31.81,31.65,2.19,199.2,41.55,41.85,41.16,42.01,41.53,1277212.0,53255152.0
2016-12-14,34.56,10.94,6.24,31.74,31.65,2.19,198.72,41.85,41.75,41.65,42.02,41.85,824451.0,34472117.0
2016-12-15,34.98,11.07,6.31,32.13,31.65,2.17,201.16,41.68,42.27,41.2,42.97,41.75,1176982.0,49687368.0
2016-12-16,35.25,11.16,6.36,32.37,31.65,2.15,202.68,42.27,42.59,42.11,42.81,42.27,902551.0,38346788.0
2016-12-19,35.82,11.34,6.46,32.89,31.65,2.12,205.95,42.74,43.27,42.15,43.28,42.59,1400429.0,60104536.0
2016-12-20,35.67,11.29,6.44,32.75,31.65,2.12,205.08,43.11,43.09,42.74,43.2,43.27,832180.0,35754867.0
2016-12-21,36.01,11.4,6.5,33.07,31.65,2.1,207.04,43.09,43.5,42.84,43.55,43.09,1081480.0,46691525.0
2016-12-22,35.25,11.16,6.36,32.37,31.65,2.15,202.68,43.27,42.59,42.48,43.43,43.5,1305509.0,55820239.0
2016-12-23,34.51,10.92,6.23,31.7,31.65,2.19,198.46,42.6,41.7,41.38,42.86,42.59,1225129.0,51298321.0
2016-12-26,34.95,11.06,6.31,32.1,31.65,2.17,200.99,41.68,42.23,41.02,42.36,41.7,875813.0,36530437.0
2016-12-27,35.17,11.13,6.35,32.3,31.65,2.15,202.25,42.41,42.49,42.38,43.0,42.23,988323.0,42230787.0
2016-12-28,34.97,11.07,6.31,32.11,31.65,2.17,201.07,42.54,42.25,42.18,42.82,42.49,675401.0,28740961.0
2016-12-29,35.14,11.12,6.34,32.27,31.65,2.16,202.07,42.38,42.46,42.27,42.8,42.25,669600.0,28515988.0
2016-12-30,35.5,11.24,6.41,32.6,31.65,2.13,204.12,42.7,42.89,42.32,43.32,42.46,1108554.0,47615918.0
2017-01-03,35.86,11.35,6.47,32.93,31.65,2.11,206.21,43.14,43.33,43.14,43.64,42.89,1088565.0,47196529.0
2017-01-04,35.85,11.35,6.47,32.92,31.65,2.11,206.13,43.27,43.31,42.91,43.63,43.33,1058564.0,45727085.0
2017-01-05,35.55,11.25,6.42,32.65,31.65,2.13,204.43,43.33,42.95,42.91,43.63,43.31,983074.0,42562251.0
2017-01-06,34.93,11.06,6.3,32.08,31.65,2.17,200.86,42.85,42.2,42.14,42.99,42.95,961495.0,40831897.0
2017-01-09,35.14,11.12,6.34,32.27,31.65,2.16,202.03,42.12,42.45,41.66,42.47,42.2,832906.0,35060609.0
2017-01-10,34.87,11.04,6.29,32.02,31.65,2.17,200.51,42.46,42.13,42.11,42.47,42.45,533507.0,22544830.0
2017-01-11,34.15,10.81,6.16,31.36,31.65,2.22,196.37,42.13,41.26,41.19,42.25,42.13,1024494.0,42509281.0
2017-01-12,33.71,10.67,6.08,30.96,31.65,2.25,193.84,41.46,40.73,40.7,41.46,41.26,844149.0,34673225.0
2017-01-13,34.17,10.81,6.16,31.38,31.65,2.22,196.46,40.73,41.28,39.18,41.44,40.73,2356421.0,94525408.0
2017-01-16,34.85,11.03,6.29,32.0,31.65,2.17,200.38,40.92,42.1,39.84,42.28,41.28,3346908.0,138315848.0
2017-01-17,35.56,11.26,6.42,32.66,31.65,2.13,204.47,41.84,42.96,41.12,43.14,42.1,2308569.0,97695628.0
2017-01-18,35.01,11.08,6.32,32.15,31.65,2.16,201.29,42.68,42.29,42.14,42.95,42.96,934261.0,39723415.0
2017-01-19,35.12,11.12,6.34,32.25,31.65,2.16,201.94,42.32,42.43,41.52,42.96,42.29,1076407.0,45573820.0
2017-01-20,35.33,11.18,6.38,32.45,31.65,2.14,203.16,42.44,42.69,42.24,42.91,42.43,910398.0,38894097.0
2017-01-23,34.5,10.92,6.23,31.68,31.65,2.2,198.37,42.6,41.68,41.43,43.47,42.69,2173197.0,91908867.0
2017-01-24,34.41,10.89,6.21,31.6,31.65,2.2,197.85,41.68,41.57,41.05,41.7,41.68,912934.0,37750277.0
2017-01-25,34.61,10.95,6.24,31.78,31.65,2.19,198.98,41.57,41.81,41.41,41.99,41.57,584930.0,24416589.0
2017-01-26,34.67,10.97,6.26,31.84,31.65,2.18,199.37,41.82,41.89,41.73,42.01,41.81,507789.0,21246628.0
2017-02-03,34.38,10.88,6.2,31.57,31.65,2.2,197.68,42.01,41.53,41.43,42.01,41.89,484681.0,20193173.0
2017-02-06,35.15,11.13,6.34,32.28,31.65,2.16,202.12,41.54,42.47,41.33,42.51,41.53,982086.0,41263209.0
2017-02-07,35.05,11.09,6.32,32.19,31.65,2.16,201.55,42.29,42.35,42.18,42.88,42.47,876463.0,37229062.0
2017-02-08,35.12,11.12,6.34,32.25,31.65,2.16,201.94,42.35,42.43,41.76,42.47,42.35,940554.0,39617998.0
2017-02-09,35.28,11.17,6.37,32.4,31.65,2.15,202.86,42.43,42.62,42.19,42.97,42.43,1693495.0,72052945.0
2017-02-10,35.03,11.09,6.32,32.17,31.65,2.16,201.42,42.65,42.32,42.26,42.84,42.62,1236180.0,52602640.0
2017-02-13,35.36,11.19,6.38,32.48,31.65,2.14,203.34,42.46,42.72,42.11,42.76,42.32,1549760.0,65947071.0
2017-02-14,35.17,11.13,6.35,32.3,31.65,2.15,202.25,42.71,42.49,42.19,42.92,42.72,1199744.0,51022332.0
2017-02-15,34.85,11.03,6.29,32.0,31.65,2.17,200.38,42.54,42.1,42.07,42.7,42.49,1727850.0,73028847.0
2017-02-16,34.23,10.83,6.18,31.43,31.65,2.21,196.8,41.87,41.35,41.08,41.87,42.1,1921645.0,79469359.0
2017-02-17,33.72,10.67,6.08,30.97,31.65,2.25,193.89,41.09,40.74,40.73,41.56,41.35,1367895.0,56124749.0
2017-02-20,34.22,10.83,6.17,31.43,31.65,2.21,196.76,40.76,41.34,40.45,41.5,40.74,1754394.0,71950324.0
2017-02-21,34.38,10.88,6.2,31.57,31.65,2.2,197.68,41.46,41.53,41.09,41.55,41.34,1128115.0,46657139.0
2017-02-22,34.3,10.86,6.19,31.5,31.65,2.21,197.24,41.37,41.44,41.15,41.61,41.53,1237102.0,51153919.0
2017-02-23,34.3,10.86,6.19,31.5,31.65,2.21,197.24,41.51,41.44,41.14,41.61,41.44,976584.0,40371133.0
2017-02-24,34.54,10.93,6.23,31.72,31.65,2.19,198.59,41.43,41.73,41.31,41.87,41.44,1280536.0,53323724.0
2017-02-27,34.54,10.93,6.23,31.72,31.65,2.19,198.63,41.74,41.74,41.64,42.27,41.73,1509044.0,63297944.0
2017-02-28,34.77,11.01,6.27,31.93,31.65,2.18,199.94,41.63,42.01,41.63,42.07,41.74,1632559.0,68363795.0
2017-03-01,34.57,10.94,6.24,31.75,31.65,2.19,198.76,42.02,41.76,41.69,42.18,42.01,1379691.0,57853231.0
2017-03-02,34.41,10.89,6.21,31.6,31.65,2.2,197.85,41.88,41.57,41.48,41.92,41.76,1100151.0,45922523.0
2017-03-03,34.33,10.87,6.2,31.53,31.65,2.21,197.41,41.55,41.48,41.08,41.6,41.57,1056340.0,43617454.0
2017-03-06,35.22,11.15,6.36,32.34,31.65,2.15,202.51,41.64,42.55,41.44,42.83,41.48,3750539.0,158809202.0
2017-03-07,35.31,11.18,6.37,32.43,31.65,2.15,203.03,42.59,42.66,42.27,42.81,42.55,2061860.0,87545028.0
2017-03-08,35.07,11.1,6.33,32.2,31.65,2.16,201.64,42.57,42.37,42.24,42.91,42.66,1359400.0,57824277.0
2017-03-09,34.87,11.04,6.29,32.02,31.65,2.17,200.51,42.37,42.13,41.84,42.52,42.37,1191890.0,50203892.0
2017-03-10,35.66,11.29,6.43,32.75,31.65,2.12,205.04,42.13,43.08,41.99,43.42,42.13,3229553.0,138866694.0
2017-03-13,36.57,11.58,6.6,33.59,31.65,2.07,210.31,43.28,44.19,42.85,44.47,43.08,4970907.0,218283585.0
2017-03-14,36.17,11.45,6.53,33.21,31.65,2.09,207.96,43.93,43.69,43.54,44.33,44.19,2060186.0,90259904.0
2017-03-15,37.2,11.77,6.71,34.16,31.65,2.04,213.88,43.69,44.94,43.5,45.18,43.69,4025472.0,179541000.0
2017-03-16,37.17,11.76,6.71,34.13,31.65,2.04,213.71,44.62,44.9,44.59,45.85,44.94,3622771.0,163466551.0
2017-03-17,36.32,11.5,6.55,33.35,31.65,2.09,208.83,44.88,43.88,43.84,45.55,44.9,2570757.0,114974787.0
2017-03-20,36.76,11.63,6.63,33.76,31.65,2.06,211.35,44.0,44.41,43.75,44.83,43.88,1874589.0,82842818.0
2017-03-21,37.22,11.78,6.72,34.18,31.65,2.04,214.01,44.41,44.97,44.13,45.08,44.41,2346668.0,104833179.0
2017-03-22,36.82,11.66,6.64,33.82,31.65,2.06,211.75,44.63,44.49,43.99,44.79,44.97,1655179.0,73430421.0
2017-03-23,36.81,11.65,6.64,33.8,31.65,2.06,211.66,44.54,44.47,43.89,45.21,44.49,2299910.0,102740634.0
2017-03-24,36.89,11.68,6.66,33.88,31.65,2.05,212.14,44.48,44.57,44.11,45.27,44.47,2106310.0,94234221.0
2017-03-27,36.32,11.5,6.55,33.36,31.65,2.09,208.87,44.39,43.89,43.85,44.6,44.57,1706033.0,75272250.0
2017-03-28,36.15,11.44,6.52,33.2,31.65,2.1,207.87,43.58,43.68,43.52,44.46,43.89,1395175.0,61341619.0
2017-03-29,35.98,11.39,6.49,33.05,31.65,2.11,206.91,43.93,43.47,43.1,44.11,43.68,1684456.0,73553364.0
2017-03-30,33.76,10.3,6.15,26.46,30.5,2.1,207.0,43.49,43.49,43.2,44.03,43.47,2741461.0,119863920.0
2017-03-31,33.54,10.23,6.11,26.29,30.5,2.12,205.69,43.46,43.22,43.02,43.78,43.49,1382912.0,59973196.0
2017-04-05,34.79,10.61,6.34,27.26,30.5,2.04,213.31,43.24,44.82,43.02,44.89,43.22,2366024.0,104814589.0
2017-04-06,34.51,10.53,6.29,27.05,30.5,2.06,211.61,44.66,44.46,44.4,45.12,44.82,1740130.0,77698893.0
2017-04-07,34.77,10.61,6.34,27.25,30.5,2.04,213.23,44.38,44.8,44.22,45.12,44.46,1624649.0,72775155.0
2017-04-10,34.76,10.6,6.34,27.25,30.5,2.04,213.18,44.77,44.79,44.3,45.17,44.8,1873191.0,83894830.0
2017-04-11,34.6,10.55,6.31,27.12,30.5,2.05,212.18,44.71,44.58,43.69,45.38,44.79,2386759.0,106730377.0
2017-04-12,33.38,10.18,6.08,26.16,30.5,2.13,204.69,44.54,43.01,42.83,44.54,44.58,1694002.0,74064187.0
2017-04-13,34.45,10.51,6.28,27.0,30.5,2.06,211.27,43.03,44.39,43.02,44.46,43.01,1961824.0,85945319.0
2017-04-14,33.64,10.26,6.13,26.37,30.5,2.11,206.3,44.33,43.35,43.29,44.34,44.39,1154350.0,50474145.0
2017-04-17,33.82,10.32,6.17,26.51,30.5,2.1,207.39,43.34,43.57,43.02,44.08,43.35,1215965.0,52952307.0
2017-04-18,34.15,10.42,6.22,26.76,30.5,2.08,209.39,43.26,44.0,43.26,44.84,43.57,1844872.0,81711089.0
2017-04-19,35.28,10.76,6.43,27.65,30.5,2.01,216.32,43.66,45.45,43.66,46.2,44.0,3948541.0,178338996.0
2017-04-20,35.96,10.97,6.55,28.18,30.5,1.98,220.5,45.31,46.33,45.3,47.41,45.45,5142004.0,238862809.0
2017-04-21,35.61,13.87,6.49,27.91,38.94,1.99,218.37,46.23,45.88,45.32,46.25,46.33,2010349.0,91956325.0
2017-04-24,33.83,13.17,6.17,26.52,38.94,2.1,207.48,45.76,43.59,41.93,45.76,45.88,3064773.0,133892117.0
2017-04-25,33.71,13.13,6.15,26.42,38.94,2.11,206.74,43.2,43.44,43.11,44.52,43.59,1622093.0,70822894.0
2017-04-26,34.01,12.81,6.46,31.67,37.66,1.92,227.43,45.5,47.78,45.5,47.78,43.44,10231075.0,486331239.0
2017-04-27,34.1,12.84,6.47,31.75,37.66,1.91,227.99,47.75,47.9,46.4,48.12,47.78,7213350.0,342902037.0
2017-04-28,33.9,12.77,6.44,31.56,37.66,1.92,226.69,48.0,47.63,47.59,48.95,47.9,4329215.0,208560738.0
2017-05-02,34.11,12.85,6.48,31.76,37.66,1.91,228.08,47.59,47.92,47.59,48.93,47.63,2847024.0,137473361.0
2017-05-03,34.51,13.0,6.55,32.13,37.66,1.89,230.78,47.6,48.49,47.6,49.18,47.92,2849808.0,137687869.0
2017-05-04,34.37,12.95,6.52,32.0,37.66,1.9,229.82,48.03,48.29,46.78,48.59,48.49,2189026.0,104868793.0
2017-05-05,34.75,13.09,6.6,32.36,37.66,1.87,232.39,48.0,48.83,47.68,50.29,48.29,4236135.0,208872056.0
2017-05-08,32.32,12.17,6.14,30.09,37.66,2.02,216.1,48.22,46.34,46.2,48.22,48.9,2866664.0,135314971.0
2017-05-09,33.13,12.48,6.29,30.84,37.66,1.97,221.5,45.84,47.5,45.26,47.83,46.34,2236234.0,105650709.0
2017-05-10,33.87,12.76,6.43,31.53,37.66,1.92,226.47,47.9,48.56,47.9,49.88,47.5,3148989.0,154302945.0
2017-05-11,34.33,12.93,6.52,31.96,37.66,1.9,229.56,48.12,49.23,47.22,49.88,48.56,2460612.0,120262384.0
2017-05-12,33.97,12.79,6.45,31.63,37.66,1.92,227.12,49.23,48.7,48.48,49.77,49.23,2010031.0,98795997.0
2017-05-15,33.88,12.76,6.43,31.55,37.66,1.92,226.56,48.65,48.58,48.57,49.69,48.7,2269954.0,111506874.0
2017-05-16,34.57,13.02,6.56,32.18,37.66,1.88,231.13,48.3,49.56,47.32,49.69,48.58,2572713.0,124836598.0
2017-05-17,33.76,12.71,6.41,31.43,37.66,1.93,225.73,49.18,48.4,48.39,49.51,49.56,1838414.0,89881994.0
2017-05-18,33.79,12.73,6.41,31.46,37.66,1.93,225.95,48.1,48.45,47.7,48.98,48.4,1422854.0,69097145.0
2017-05-19,34.44,12.97,6.54,32.06,37.66,1.89,230.26,48.2,49.38,48.11,49.69,48.45,1689194.0,83111341.0
2017-05-22,35.0,13.18,6.64,32.59,37.66,1.86,234.05,49.58,50.19,49.42,51.37,49.38,4251622.0,214824296.0
2017-05-23,34.5,12.99,6.55,32.12,37.66,1.89,230.69,50.53,49.47,48.67,50.81,50.19,3047773.0,151418556.0
2017-05-24,35.85,13.5,6.81,33.38,37.66,1.82,239.71,48.59,51.4,48.27,51.54,49.47,3505385.0,174829718.0
2017-05-25,35.84,13.5,6.8,33.37,37.66,1.82,239.67,50.92,51.39,50.73,51.75,51.4,2502750.0,128388640.0
2017-05-26,36.62,13.79,6.95,34.09,37.66,1.78,244.85,51.39,52.5,50.8,53.3,51.39,2585318.0,135727838.0
2017-05-31,36.23,13.64,6.88,33.73,37.66,1.8,242.24,53.16,51.94,51.88,53.99,52.5,2691695.0,142582495.0
2017-06-01,36.28,13.66,6.89,33.78,37.66,1.8,242.59,52.3,52.02,50.94,53.0,51.94,2430163.0,125801369.0
2017-06-02,37.26,14.03,7.07,34.69,37.66,1.75,249.12,51.4,53.42,51.37,53.71,52.02,2238887.0,117739163.0
2017-06-05,36.7,13.82,6.97,34.17,37.66,1.78,245.37,53.8,52.62,52.5,54.39,53.42,1809264.0,96603419.0
2017-06-06,37.2,14.01,7.06,34.64,37.66,1.75,248.77,52.34,53.35,52.01,53.76,52.62,1852340.0,98461457.0
2017-06-07,37.58,14.15,7.13,34.99,37.66,1.73,251.25,53.28,53.88,53.28,54.36,53.35,1662702.0,89695231.0
2017-06-08,37.91,14.28,7.2,35.3,37.66,1.72,253.52,54.08,54.36,53.52,54.64,53.88,2129265.0,115130855.0
2017-06-09,39.05,14.71,7.41,36.36,37.66,1.67,261.14,54.27,56.0,54.25,56.38,54.36,3033987.0,168939141.0
2017-06-12,38.09,14.35,7.23,35.46,37.66,1.71,254.7,55.72,54.62,54.18,57.29,56.0,3451357.0,191945553.0
2017-06-13,38.36,14.45,7.28,35.72,37.66,1.7,256.52,54.89,55.01,54.36,55.76,54.62,2116485.0,116378729.0
2017-06-14,36.91,13.9,7.01,34.37,37.66,1.76,246.81,54.74,52.93,52.68,55.1,55.01,3265258.0,175140754.0
2017-06-15,37.31,14.05,7.08,34.74,37.66,1.75,249.47,52.93,53.5,52.78,53.82,52.93,2040700.0,109072028.0
2017-06-16,37.31,14.05,7.08,34.74,37.66,1.75,249.47,53.5,53.5,52.73,53.86,53.5,1549382.0,82643368.0
2017-06-19,38.91,14.66,7.39,36.23,37.66,1.67,260.18,53.24,55.79,53.24,55.93,53.5,2470501.0,135814302.0
2017-06-20,38.26,14.41,7.26,35.62,37.66,1.7,255.83,56.14,54.86,54.75,56.14,55.79,1529577.0,84312564.0
2017-06-21,40.04,15.08,7.6,37.28,37.66,1.63,267.76,54.86,57.42,54.86,57.71,54.86,3308199.0,187719756.0
2017-06-22,39.2,14.76,7.44,36.5,37.66,1.66,262.1,57.4,56.2,56.05,57.8,57.42,2232231.0,127001661.0
2017-06-23,40.75,15.35,7.74,37.94,37.66,1.6,272.47,56.55,58.43,55.11,58.52,56.2,2896978.0,166254836.0
2017-06-26,40.73,15.34,7.73,37.92,37.66,1.6,272.34,58.66,58.4,57.54,59.59,58.43,2570708.0,150817286.0
2017-06-27,40.99,15.44,7.78,38.16,37.66,1.59,274.08,57.97,58.77,57.35,59.03,58.4,1758967.0,102205544.0
2017-06-28,40.02,15.07,7.6,37.26,37.66,1.63,267.59,59.13,57.38,56.95,59.75,58.77,2585002.0,150549888.0
2017-06-29,40.29,15.17,7.65,37.51,37.66,1.62,269.38,57.91,57.76,56.97,57.91,57.38,1399129.0,80541921.0
2017-06-30,40.29,15.17,7.65,37.51,37.66,0.0,269.38,57.59,57.76,57.09,59.03,57.76,1621933.0,94593022.0
2017-07-03,39.33,14.82,7.47,36.62,37.66,0.0,263.02,57.35,56.4,55.82,57.6,57.76,2744813.0,154529362.0
2017-07-04,38.16,14.37,7.24,35.53,37.66,0.0,255.17,56.4,54.72,54.22,56.41,56.4,3279760.0,180167401.0
2017-07-05,38.85,14.63,7.38,36.17,37.66,0.0,259.79,54.76,55.71,54.38,55.93,54.72,2385609.0,131734277.0
2017-07-06,38.22,14.4,7.26,35.59,37.66,0.0,255.57,55.68,54.8,54.0,55.68,55.71,1917598.0,105253846.0
2017-07-07,37.83,14.25,7.18,35.22,37.66,0.0,252.95,54.63,54.24,54.2,55.25,54.8,1438165.0,78784316.0
2017-07-10,40.74,15.35,7.73,37.93,37.66,0.0,272.42,56.61,58.42,56.42,59.31,54.24,4968459.0,286718118.0
2017-07-11,40.19,15.14,7.63,37.42,37.66,0.0,268.77,57.73,57.63,56.98,58.81,58.42,3202298.0,186233284.0
2017-07-12,40.07,15.09,7.61,37.31,37.66,0.0,267.94,57.61,57.46,55.39,57.63,57.63,2573025.0,145958567.0
2017-07-13,39.19,14.76,7.44,36.49,37.66,0.0,262.06,56.98,56.19,55.93,57.74,57.46,1699065.0,96098683.0
2017-07-14,39.87,15.02,7.57,37.12,37.66,0.0,266.59,56.61,57.17,56.32,57.87,56.19,1895859.0,108381686.0
2017-07-17,38.11,14.35,7.23,35.48,37.66,0.0,254.83,57.14,54.64,54.53,57.14,57.17,2926993.0,162790763.0
2017-07-18,39.09,14.72,7.42,36.4,37.66,0.0,261.4,54.5,56.05,54.3,56.51,54.64,1606430.0,89001689.0
2017-07-19,38.95,14.67,7.39,36.27,37.66,0.0,260.45,56.04,55.85,55.3,56.25,56.05,1834105.0,102116246.0
2017-07-20,38.97,14.68,7.4,36.28,37.66,0.0,260.58,55.61,55.88,54.93,56.39,55.85,1325928.0,73829817.0
2017-07-21,38.38,14.46,7.29,35.74,37.66,0.0,256.66,55.87,55.04,54.98,56.35,55.88,1100261.0,60822632.0
2017-07-24,38.24,14.4,7.26,35.6,37.66,0.0,255.7,55.02,54.83,53.9,55.58,55.04,1356932.0,74262937.0
2017-07-25,37.68,14.19,7.15,35.08,37.66,0.0,251.95,54.77,54.03,53.9,54.78,54.83,1207564.0,65463737.0
2017-07-26,36.41,13.71,6.91,33.9,37.66,0.0,243.46,53.85,52.21,51.83,54.42,54.03,2856182.0,150574368.0
2017-07-27,36.77,13.85,6.98,34.24,37.66,0.0,245.9,52.22,52.73,50.91,53.02,52.21,2315937.0,120243385.0
2017-07-28,37.56,14.15,7.13,34.97,37.66,0.0,251.12,52.31,53.85,52.22,54.32,52.73,2555447.0,137119975.0
2017-07-31,36.77,13.85,6.98,34.24,37.66,0.0,245.9,53.39,52.73,52.34,54.05,53.85,1984743.0,105399505.0
2017-08-01,37.31,14.05,7.08,34.74,37.66,0.0,249.47,52.72,53.5,52.31,53.82,52.73,1339498.0,71244702.0
2017-08-02,37.28,14.04,7.08,34.71,37.66,0.0,249.29,53.8,53.46,53.17,54.64,53.5,2357454.0,127172009.0
2017-08-03,36.08,13.59,6.85,33.6,37.66,0.0,241.28,53.6,51.74,51.66,53.65,53.46,1759076.0,92474813.0
2017-08-04,36.12,13.61,6.86,33.63,37.66,0.0,241.54,52.21,51.79,51.37,52.39,51.74,1402627.0,72720539.0
2017-08-07,36.95,13.92,7.01,34.4,37.66,0.0,247.07,52.3,52.98,49.56,53.07,51.79,1656714.0,85485654.0
2017-08-08,36.04,13.57,6.84,33.55,37.66,0.0,240.97,52.86,51.67,51.45,52.96,52.98,1967964.0,102283232.0
2017-08-09,37.51,14.13,7.12,34.92,37.66,0.0,250.82,51.82,53.78,51.67,53.98,51.67,2366554.0,125991711.0
2017-08-10,37.5,14.12,7.12,34.91,37.66,0.0,250.73,53.78,53.77,52.9,54.18,53.78,1413050.0,75819334.0
2017-08-11,37.96,14.3,7.21,35.34,37.66,0.0,253.82,53.29,54.43,53.15,55.0,53.77,1850986.0,100971487.0
2017-08-14,39.12,14.73,7.43,36.42,37.66,0.0,261.58,54.21,56.09,54.21,56.51,54.43,1832689.0,102495376.0
2017-08-15,38.95,14.67,7.39,36.27,37.66,0.0,260.45,56.1,55.85,55.0,56.94,56.09,1113604.0,62370952.0
2017-08-16,34.26,13.08,7.02,-96.15,38.18,0.0,255.57,55.41,54.8,54.22,56.51,55.85,2155069.0,118455091.0
2017-08-17,34.29,13.09,7.03,-96.25,38.18,0.0,255.83,54.94,54.86,54.18,55.52,54.8,918590.0,50438068.0
2017-08-18,35.58,13.58,7.29,-99.86,38.18,0.0,265.41,54.83,56.91,54.55,58.38,54.86,2140134.0,121522383.0
2017-08-21,35.65,13.61,7.31,-100.05,38.18,0.0,265.93,57.32,57.03,56.35,57.32,56.91,919003.0,52247792.0
2017-08-22,36.19,13.82,7.42,-101.58,38.18,0.0,269.98,57.07,57.89,56.62,58.36,57.03,1351917.0,78329732.0
2017-08-23,35.72,13.64,7.32,-100.26,38.18,0.0,266.5,57.89,57.15,56.89,58.28,57.89,537558.0,30814506.0
2017-08-24,35.32,13.49,7.24,-99.13,38.18,0.0,263.49,56.98,56.5,56.19,57.17,57.15,777542.0,44020569.0
2017-08-25,35.46,13.54,7.27,-99.51,38.18,0.0,264.5,56.21,56.72,56.21,57.26,56.5,700735.0,39715097.0
2017-08-28,35.71,13.64,7.32,-100.23,38.18,0.0,266.41,56.86,57.13,55.95,57.39,56.72,1049115.0,59361306.0
2017-08-29,35.37,13.5,7.25,-99.27,38.18,0.0,263.84,56.99,56.58,56.51,57.49,57.13,742268.0,42284712.0
2017-08-30,35.12,13.41,7.2,-98.56,38.18,0.0,261.97,56.1,56.18,55.58,56.61,56.58,759382.0,42511480.0
2017-08-31,35.34,13.49,7.24,-99.2,38.18,0.0,263.67,56.14,56.54,55.69,56.65,56.18,613405.0,34561267.0
2017-09-01,36.47,13.93,7.48,-102.36,38.18,0.0,272.08,56.83,58.34,56.14,58.64,56.54,1500638.0,86707308.0
2017-09-04,36.2,13.82,7.42,-101.59,38.18,0.0,270.03,57.92,57.9,57.63,59.53,58.34,1070373.0,62619995.0
2017-09-05,35.85,13.69,7.35,-100.63,38.18,0.0,267.46,57.92,57.35,56.75,58.46,57.9,1209875.0,69321251.0
2017-09-06,35.29,13.47,7.23,-99.05,38.18,0.0,263.28,57.44,56.46,56.17,57.44,57.35,742639.0,41964684.0
2017-09-07,35.52,13.56,7.28,-99.71,38.18,0.0,265.02,56.45,56.83,55.87,56.93,56.46,884122.0,49800225.0
2017-09-08,35.15,13.42,7.21,-98.66,38.18,0.0,262.23,56.65,56.23,55.76,56.7,56.83,693282.0,38931325.0
2017-09-11,34.66,13.23,7.1,-97.27,38.18,0.0,258.53,56.12,55.44,54.28,56.12,56.23,1403406.0,77064264.0
2017-09-12,35.04,13.38,7.18,-98.35,38.18,0.0,261.4,55.13,56.05,54.7,56.31,55.44,755343.0,41957574.0
2017-09-13,34.89,13.32,7.15,-97.92,38.18,0.0,260.27,56.23,55.81,55.47,56.23,56.05,408391.0,22786881.0
2017-09-14,34.39,13.13,7.05,-96.53,38.18,0.0,256.57,55.61,55.02,54.74,56.1,55.81,463307.0,25649024.0
2017-09-15,34.63,13.22,7.1,-97.2,38.18,0.0,258.35,54.7,55.4,54.7,56.03,55.02,572246.0,31660866.0
2017-09-18,35.9,13.71,7.36,-100.76,38.18,0.0,267.81,55.2,57.43,55.2,57.77,55.4,1326114.0,74850324.0
2017-09-19,35.47,13.54,7.27,-99.56,38.18,0.0,264.63,57.36,56.75,56.12,58.55,57.43,747359.0,42869479.0
2017-09-20,35.47,13.54,7.27,-99.54,38.18,0.0,264.58,56.63,56.74,56.6,57.91,56.75,901091.0,51458934.0
2017-09-21,35.07,13.39,7.19,-98.43,38.18,0.0,261.62,56.75,56.1,55.32,57.16,56.74,743778.0,41572566.0
2017-09-22,35.02,13.37,7.18,-98.3,38.18,0.0,261.27,56.1,56.03,55.62,56.4,56.1,527676.0,29618200.0
2017-09-25,35.6,13.59,7.3,-99.9,38.18,0.0,265.54,55.65,56.94,55.48,57.32,56.03,899475.0,51109739.0
2017-09-26,36.94,14.1,7.57,-103.67,38.18,0.0,275.56,56.96,59.09,56.44,59.13,56.94,1443975.0,84143691.0
2017-09-27,38.0,14.51,7.79,-106.66,38.18,0.0,283.49,59.59,60.79,59.19,62.02,59.09,2480681.0,151048516.0
2017-09-28,37.77,14.42,7.74,-106.02,38.18,0.0,281.79,60.72,60.43,59.97,61.16,60.79,817272.0,49549427.0
2017-09-29,37.99,14.5,7.79,-106.62,38.18,0.0,283.4,60.34,60.77,60.34,62.2,60.43,732767.0,44860278.0
2017-10-09,39.69,15.16,8.14,-111.41,38.18,0.0,296.12,60.76,63.5,60.76,64.45,60.77,1497526.0,94220854.0
2017-10-10,39.65,15.14,8.13,-111.28,38.18,0.0,295.77,63.42,63.42,62.58,63.8,63.5,895358.0,56483646.0
2017-10-11,40.82,15.58,8.37,-114.56,38.18,0.0,304.48,63.44,65.29,62.92,65.84,63.42,1493700.0,96500347.0
2017-10-12,40.84,15.59,8.37,-114.62,38.18,0.0,304.66,65.29,65.33,64.32,65.84,65.29,880912.0,57394607.0
2017-10-13,41.15,15.71,8.44,-115.51,38.18,0.0,307.01,65.1,65.83,64.5,66.65,65.33,1112946.0,73016074.0
2017-10-16,40.11,15.32,8.22,-112.59,38.18,0.0,299.26,65.5,64.17,63.61,66.21,65.83,1086418.0,70186294.0
2017-10-17,40.17,15.34,8.23,-112.74,38.18,0.0,299.65,64.17,64.26,63.08,65.26,64.17,972049.0,62237826.0
2017-10-18,40.17,15.34,8.23,-112.75,38.18,0.0,299.69,63.87,64.27,63.31,64.34,64.26,814440.0,52104432.0
2017-10-19,42.04,16.05,8.62,-118.0,38.18,0.0,313.63,64.45,67.25,64.45,67.99,64.27,1325284.0,88316634.0
2017-10-20,41.24,15.74,8.45,-115.74,38.18,0.0,307.62,67.52,65.97,65.49,67.52,67.25,1257158.0,83315364.0
2017-10-23,43.03,16.43,8.82,-120.77,38.18,0.0,320.99,66.41,68.83,65.85,68.97,65.97,1581247.0,106955277.0
2017-10-24,43.78,16.71,8.97,-122.86,38.18,0.0,326.57,68.66,70.03,68.2,70.06,68.83,1096886.0,75885282.0
2017-10-25,44.18,16.87,9.06,-124.0,38.18,0.0,329.58,70.02,70.67,69.29,71.47,70.03,1085345.0,76391794.0
2017-10-26,39.93,14.56,8.56,-475.8,36.46,0.0,316.64,69.97,67.9,67.23,70.05,70.67,2922027.0,198317113.0
2017-10-27,39.8,14.51,8.53,-474.23,36.46,0.0,315.59,67.73,67.67,66.96,68.48,67.9,1635998.0,110663483.0
2017-10-30,40.42,14.74,8.66,-481.63,36.46,0.0,320.51,68.05,68.73,66.41,69.08,67.67,1591748.0,108347967.0
2017-10-31,40.42,14.74,8.66,-481.56,36.46,0.0,320.47,68.8,68.72,68.19,69.56,68.73,822274.0,56427672.0
2017-11-01,41.06,14.97,8.8,-489.22,36.46,0.0,325.57,69.28,69.81,68.76,71.09,68.72,1271510.0,89132809.0
2017-11-02,43.68,15.93,9.36,-520.45,36.46,0.0,346.35,70.04,74.27,69.31,75.19,69.81,1979705.0,144126005.0
2017-11-03,42.57,15.52,9.13,-507.22,36.46,0.0,337.55,74.07,72.38,71.58,74.69,74.27,1331911.0,97054843.0
2017-11-06,42.03,15.32,9.01,-500.74,36.46,0.0,333.23,72.68,71.46,70.99,74.73,72.38,2318509.0,168779056.0
2017-11-07,42.73,15.58,9.16,-509.12,36.46,0.0,338.81,71.91,72.65,71.32,73.65,71.46,1723550.0,124684043.0
2017-11-08,42.15,15.37,9.03,-502.18,36.46,0.0,334.19,72.58,71.66,71.49,73.3,72.65,1311791.0,95170016.0
2017-11-09,43.34,15.8,9.29,-516.39,36.46,0.0,343.64,71.92,73.69,71.21,73.89,71.66,1210905.0,87884520.0
2017-11-10,44.01,16.05,9.43,-524.37,36.46,0.0,348.96,73.98,74.83,72.94,74.9,73.69,1015079.0,75202554.0
2017-11-13,43.95,16.03,9.42,-523.72,36.46,0.0,348.52,74.73,74.74,73.44,76.03,74.83,1103781.0,81793285.0
2017-11-14,42.03,15.32,9.01,-500.74,36.46,0.0,333.23,74.45,71.46,71.08,75.47,74.74,1350727.0,98692100.0
2017-11-15,40.88,14.91,8.76,-487.13,36.46,0.0,324.17,71.46,69.51,68.58,71.91,71.46,1527274.0,106545117.0
2017-11-16,42.54,15.51,9.12,-506.83,36.46,0.0,337.29,69.12,72.33,68.65,72.38,69.51,1477683.0,104789524.0
2017-11-17,41.89,15.28,8.98,-499.17,36.46,0.0,332.19,72.58,71.23,69.41,73.14,72.33,1414547.0,100493820.0
2017-11-20,41.95,15.3,8.99,-499.83,36.46,0.0,332.62,70.49,71.33,69.41,71.74,71.23,856222.0,60248387.0
2017-11-21,42.68,15.56,9.15,-508.53,36.46,0.0,338.42,70.8,72.57,70.8,73.66,71.33,1203149.0,87122810.0
2017-11-22,41.31,15.06,8.86,-492.23,36.46,0.0,327.57,72.81,70.24,69.57,73.05,72.57,1124291.0,79855438.0
2017-11-23,38.49,14.04,8.25,-458.65,36.46,0.0,305.22,69.22,65.45,64.97,69.51,70.24,2206016.0,146862960.0
2017-11-24,38.6,14.07,8.27,-459.9,36.46,0.0,306.05,65.11,65.63,65.01,66.13,65.45,712532.0,46687495.0
2017-11-27,39.15,14.27,8.39,-466.44,36.46,0.0,310.41,65.45,66.56,63.52,66.7,65.63,1091299.0,71790510.0
2017-11-28,38.86,14.17,8.33,-463.04,36.46,0.0,308.14,66.24,66.08,65.27,67.43,66.56,1001505.0,66289472.0
2017-11-29,39.05,14.24,8.37,-465.27,36.46,0.0,309.62,65.29,66.39,64.55,66.69,66.08,832514.0,54797705.0
2017-11-30,39.1,14.26,8.38,-465.92,36.46,0.0,310.06,66.43,66.49,65.49,67.14,66.39,732024.0,48792053.0
2017-12-01,39.15,14.27,8.39,-466.44,36.46,0.0,310.41,66.08,66.56,65.59,68.08,66.49,690891.0,46207360.0
2017-12-04,38.53,14.05,8.26,-459.11,36.46,0.0,305.53,66.15,65.52,64.45,66.97,66.56,808030.0,53030986.0
2017-12-05,37.98,13.85,8.14,-452.57,36.46,0.0,301.17,64.97,64.58,64.08,66.32,65.52,821431.0,53503812.0
2017-12-06,37.53,13.68,8.05,-447.2,36.46,0.0,297.6,63.98,63.82,62.4,65.39,64.58,905015.0,57597901.0
2017-12-07,37.69,13.74,8.08,-449.03,36.46,0.0,298.82,63.82,64.08,63.33,64.44,63.82,608770.0,38953901.0
2017-12-08,38.47,14.03,8.25,-458.39,36.46,0.0,305.05,63.81,65.41,63.05,65.45,64.08,828266.0,53577071.0
2017-12-11,39.32,14.34,8.43,-468.54,36.46,0.0,311.8,65.72,66.86,64.45,66.96,65.41,1096099.0,72568862.0
2017-12-12,39.19,14.29,8.4,-466.97,36.46,0.0,310.76,66.85,66.64,65.95,67.16,66.86,819151.0,54482554.0
2017-12-13,40.12,14.63,8.6,-478.1,36.46,0.0,318.16,66.32,68.23,66.32,68.61,66.64,696741.0,46854753.0
2017-12-14,40.46,14.75,8.67,-482.09,36.46,0.0,320.82,68.19,68.8,67.53,68.92,68.23,511093.0,35001160.0
2017-12-15,40.57,14.79,8.7,-483.4,36.46,0.0,321.69,68.8,68.98,67.88,69.55,68.8,693384.0,47569925.0
2017-12-18,40.65,14.82,8.71,-484.31,36.46,0.0,322.3,68.42,69.11,67.72,69.87,68.98,789269.0,54348077.0
2017-12-19,41.04,14.96,8.8,-488.96,36.46,0.0,325.39,69.16,69.78,68.74,70.51,69.11,718612.0,50256565.0
2017-12-20,41.0,14.95,8.79,-488.57,36.46,0.0,325.13,70.06,69.72,68.8,70.06,69.78,670897.0,46544285.0
2017-12-21,41.54,15.14,8.9,-494.92,36.46,0.0,329.36,69.59,70.63,69.21,70.8,69.72,889947.0,62374849.0
2017-12-22,41.09,14.98,8.81,-489.55,36.46,0.0,325.79,70.8,69.86,69.03,70.8,70.63,1222763.0,85202780.0
2017-12-25,41.38,15.09,8.87,-493.08,36.46,0.0,328.14,69.26,70.36,69.22,70.97,69.86,585314.0,41105690.0
2017-12-26,41.2,15.02,8.83,-490.92,36.46,0.0,326.7,70.99,70.06,68.26,70.99,70.36,505239.0,35178405.0
2017-12-27,40.32,14.7,8.64,-480.45,36.46,0.0,319.73,69.68,68.56,68.54,70.2,70.06,588563.0,40768776.0
2017-12-28,40.54,14.78,8.69,-483.0,36.46,0.0,321.43,68.51,68.93,68.37,70.41,68.56,906813.0,62822143.0
2017-12-29,41.61,15.17,8.92,-495.83,36.46,0.0,329.97,68.57,70.76,68.57,70.95,68.93,858354.0,60377739.0
2018-01-02,41.65,15.18,8.93,-496.23,36.46,1.98,330.23,71.26,70.81,69.66,71.28,70.76,604210.0,42667693.0
2018-01-03,42.56,15.52,9.12,-507.09,36.46,1.94,337.46,70.81,72.36,69.47,72.75,70.81,885313.0,62961515.0
2018-01-04,42.36,15.45,9.08,-504.74,36.46,1.95,335.89,72.32,72.03,71.1,72.32,72.36,750056.0,53829889.0
2018-01-05,42.86,15.63,9.19,-510.63,36.46,1.92,339.81,71.79,72.87,71.19,73.4,72.03,758793.0,54683078.0
2018-01-08,42.57,15.52,9.13,-507.22,36.46,1.94,337.55,72.39,72.38,71.54,72.77,72.87,709087.0,51094421.0
2018-01-09,42.55,15.52,9.12,-507.03,36.46,1.94,337.42,72.38,72.35,71.36,72.86,72.38,597034.0,43090994.0
2018-01-10,42.1,15.35,9.02,-501.66,36.46,1.96,333.84,72.01,71.59,71.3,72.73,72.35,803416.0,57588382.0
2018-01-11,41.79,15.24,8.96,-497.99,36.46,1.97,331.4,71.79,71.07,70.71,71.83,71.59,655480.0,46739972.0
2018-01-12,41.81,15.24,8.96,-498.12,36.46,1.97,331.49,71.4,71.08,70.12,71.4,71.07,603827.0,42688779.0
2018-01-15,42.58,15.53,9.13,-507.35,36.46,1.94,337.63,70.41,72.4,70.41,73.79,71.08,807193.0,58462259.0
2018-01-16,42.95,15.66,9.21,-511.74,36.46,1.92,340.55,72.63,73.03,72.1,74.21,72.4,946972.0,69256936.0
2018-01-17,42.37,15.45,9.08,-504.87,36.46,1.94,335.98,73.18,72.05,71.11,73.18,73.03,955386.0,68675300.0
2018-01-18,43.34,15.8,9.29,-516.39,36.46,1.9,343.64,71.81,73.69,71.53,74.24,72.05,791957.0,57964102.0
2018-01-19,42.16,15.37,9.04,-502.38,36.46,1.95,334.32,73.79,71.69,71.27,74.16,73.69,876315.0,63274462.0
2018-01-22,39.99,14.58,8.57,-476.46,36.46,2.06,317.07,68.66,67.99,67.69,70.39,71.69,2579278.0,176869970.0
2018-01-23,39.37,14.36,8.44,-469.13,36.46,2.09,312.19,67.16,66.95,65.57,68.01,67.99,1736471.0,115906012.0
2018-01-24,39.91,14.55,8.55,-475.48,36.46,2.06,316.42,66.18,67.85,65.42,68.05,66.95,1527343.0,101585852.0
2018-01-25,38.22,13.94,8.19,-455.45,36.46,2.16,303.09,67.44,64.99,64.92,67.76,67.85,1335511.0,88367488.0
2018-01-26,38.27,13.95,8.2,-455.97,36.46,2.15,303.44,64.95,65.07,64.73,65.97,64.99,967035.0,63163152.0
2018-01-29,34.74,12.67,7.45,-413.88,36.46,2.37,275.43,65.18,59.06,58.66,65.39,65.07,2564767.0,155947400.0
2018-01-30,34.72,12.66,7.44,-413.69,36.46,2.37,275.3,58.85,59.03,57.46,60.53,59.06,1450404.0,86146598.0
2018-01-31,35.34,12.89,7.58,-421.08,36.46,2.33,280.22,58.48,60.09,58.48,60.53,59.03,1040244.0,62104589.0
2018-02-01,36.32,13.24,7.79,-432.8,36.46,2.27,288.02,59.42,61.76,58.48,62.38,60.09,1316341.0,78956976.0
2018-02-02,35.82,13.06,7.68,-426.78,36.46,2.3,284.01,61.18,60.9,59.79,62.07,61.76,683272.0,41699336.0
2018-02-05,35.49,12.94,7.61,-422.92,36.46,2.32,281.44,60.53,60.35,59.08,61.31,60.9,489249.0,29534039.0
2018-02-06,33.35,12.16,7.15,-397.39,36.46,2.47,264.45,57.96,56.71,56.67,59.49,60.35,1056653.0,61169649.0
2018-02-07,32.01,11.67,6.86,-381.42,36.46,2.57,253.82,57.5,54.43,52.86,58.37,56.71,1508693.0,83696832.0
2018-02-08,32.64,11.9,7.0,-388.88,36.46,2.52,258.79,52.87,55.49,52.87,55.8,54.43,1188434.0,65453277.0
2018-02-09,31.88,11.63,6.83,-379.91,36.46,2.58,252.82,53.59,54.21,53.24,56.05,55.49,1277261.0,69923021.0
2018-02-12,34.13,12.44,7.32,-406.62,36.46,2.41,270.59,54.18,58.03,53.34,58.84,54.21,1256499.0,71032125.0
2018-02-13,33.32,12.15,7.14,-396.99,36.46,2.47,264.19,57.91,56.65,56.35,57.99,58.03,1313606.0,74744441.0
2018-02-14,32.66,11.91,7.0,-389.14,36.46,2.52,258.96,56.6,55.53,54.51,56.6,56.65,1069864.0,59108317.0
2018-02-22,33.91,12.36,7.27,-404.06,36.46,2.43,268.9,55.93,57.66,54.67,58.09,55.53,1174625.0,66231944.0
2018-02-23,33.66,12.27,7.22,-401.05,36.46,2.45,266.89,57.29,57.23,56.05,58.05,57.66,1300365.0,73881322.0
2018-02-26,34.08,12.43,7.31,-406.09,36.46,2.42,270.25,57.33,57.95,56.06,58.37,57.23,1357352.0,77687324.0
2018-02-27,33.2,12.11,7.12,-395.62,36.46,2.48,263.28,57.71,56.46,56.35,58.32,57.95,1278339.0,73127806.0
2018-02-28,32.96,12.02,7.06,-392.67,36.46,2.5,261.32,55.08,56.04,54.18,56.19,56.46,1381161.0,76339100.0
2018-03-01,32.79,11.95,7.03,-390.65,36.46,2.51,259.97,55.57,55.75,55.18,56.03,56.04,862999.0,47998770.0
2018-03-02,32.43,11.83,6.95,-386.46,36.46,2.54,257.18,55.06,55.15,54.42,56.25,55.75,1074627.0,59472689.0
2018-03-05,32.4,11.81,6.95,-386.06,36.46,2.54,256.92,54.75,55.09,54.75,55.9,55.15,775018.0,42781663.0
2018-03-06,32.48,11.84,6.96,-387.04,36.46,2.54,257.57,55.02,55.23,54.08,55.47,55.09,1519732.0,83103478.0
2018-03-07,33.93,12.37,7.27,-404.26,36.46,2.43,269.03,55.23,57.69,54.85,58.38,55.23,2394139.0,136682882.0
2018-03-08,35.44,12.92,7.6,-422.33,36.46,2.32,281.05,57.91,60.27,57.91,60.69,57.69,3339699.0,197808736.0
2018-03-09,34.88,12.72,7.48,-415.58,36.46,2.36,276.56,62.58,59.31,59.03,63.03,60.27,2477223.0,149463487.0
2018-03-12,35.0,12.76,7.5,-417.02,36.46,2.35,277.52,59.72,59.51,58.49,59.78,59.31,1874316.0,110886596.0
2018-03-13,34.98,12.76,7.5,-416.83,36.46,2.36,277.39,59.59,59.48,58.98,60.32,59.51,1060974.0,63285423.0
2018-03-14,34.41,12.55,7.38,-410.02,36.46,2.39,272.86,59.41,58.51,58.26,59.41,59.48,826573.0,48490478.0
2018-03-15,34.72,12.66,7.44,-413.69,36.46,2.37,275.3,58.38,59.03,58.02,59.28,58.51,849902.0,49902467.0
2018-03-16,34.59,12.61,7.42,-412.18,36.46,2.38,274.3,59.2,58.82,58.53,59.66,59.03,760737.0,44972939.0
2018-03-19,34.02,12.4,7.29,-405.37,36.46,2.42,269.77,59.13,57.85,57.56,59.13,58.82,1081330.0,62693133.0
2018-03-20,32.43,11.83,6.95,-386.46,36.46,2.54,257.18,57.59,55.15,54.98,57.59,57.85,2456895.0,136354906.0
2018-03-21,32.42,11.82,6.95,-386.32,36.46,2.54,257.09,55.57,55.13,55.03,56.39,55.15,1251305.0,69811876.0
2018-03-22,31.92,11.64,6.84,-380.37,36.46,2.58,253.13,55.3,54.28,54.18,55.66,55.13,1219380.0,66482908.0
2018-03-23,30.51,11.12,6.54,-363.55,36.46,2.7,241.93,52.39,51.88,48.93,52.66,54.28,1532516.0,78999578.0
2018-03-26,31.32,11.42,6.71,-373.23,36.46,2.63,248.38,51.37,53.26,50.46,53.45,51.88,1223697.0,63293339.0
2018-03-27,31.34,11.43,6.72,-373.36,36.46,2.63,248.47,54.17,53.28,52.36,54.5,53.26,1011779.0,53910780.0
2018-03-28,30.06,10.96,6.44,-358.11,36.46,2.74,238.32,52.26,51.1,50.93,52.76,53.28,1071521.0,55491096.0
2018-03-29,30.4,11.08,6.52,-362.17,36.46,2.71,241.02,51.41,51.68,50.21,51.84,51.1,1379967.0,70438376.0
2018-03-30,30.72,11.2,6.59,-366.03,36.46,2.68,243.59,51.68,52.23,51.29,52.58,51.68,1346685.0,69948456.0
2018-04-02,30.22,11.02,6.48,-360.08,36.46,2.73,239.62,52.11,51.38,51.29,52.49,52.23,1201026.0,62259016.0
2018-04-03,30.13,10.99,6.46,-359.03,36.46,2.73,238.93,50.91,51.23,50.45,51.75,51.38,923035.0,47062791.0
2018-04-04,30.79,11.23,6.6,-366.88,36.46,2.68,244.15,51.64,52.36,51.07,53.22,51.23,1469935.0,77135152.0
2018-04-09,31.03,11.31,6.65,-369.7,36.46,2.66,246.03,52.31,52.76,51.05,53.01,52.36,1115183.0,58135947.0
2018-04-10,32.14,11.72,6.89,-382.92,36.46,2.56,254.83,53.01,54.64,52.38,54.72,52.76,1695396.0,91058772.0
2018-04-11,30.56,10.59,6.63,-100.75,34.66,2.56,255.31,55.86,54.75,53.94,55.9,54.64,2259261.0,124224600.0
2018-04-12,30.02,10.4,6.51,-98.94,34.66,2.61,250.73,55.2,53.77,53.53,55.2,54.75,1093226.0,59042404.0
2018-04-13,29.14,10.1,6.32,-96.05,34.66,2.68,243.41,53.94,52.2,51.89,54.2,53.77,1632499.0,85842628.0
2018-04-16,28.66,9.93,6.21,-94.47,34.66,2.73,239.41,52.13,51.34,50.95,52.54,52.2,1170103.0,60431877.0
2018-04-17,28.32,9.81,6.14,-93.34,34.66,2.76,236.53,51.49,50.72,50.33,52.09,51.34,956658.0,48980684.0
2018-04-18,28.27,9.8,6.13,-93.2,34.66,2.77,236.18,50.76,50.65,49.47,51.37,50.72,878242.0,44182091.0
2018-04-19,28.74,9.96,6.23,-94.75,34.66,2.72,240.1,50.65,51.49,50.19,51.79,50.65,985914.0,50546212.0
2018-04-20,28.82,9.99,6.25,-94.99,34.66,2.71,240.71,51.67,51.62,50.81,52.68,51.49,997549.0,51722480.0
2018-04-23,29.7,10.29,6.44,-97.89,34.66,2.63,248.07,51.84,53.2,51.17,53.24,51.62,1385161.0,72789883.0
2018-04-24,30.02,10.4,6.51,-98.96,34.66,2.61,250.77,53.51,53.78,52.86,53.9,53.2,1383433.0,73973843.0
2018-04-25,29.98,10.39,6.5,-98.84,34.66,2.61,250.47,53.24,53.71,52.99,53.75,53.78,920703.0,49135230.0
2018-04-26,27.85,8.72,5.94,-104.25,31.31,2.9,225.42,48.34,48.34,48.34,49.04,53.71,2408225.0,116510387.0
2018-04-27,26.91,8.43,5.74,-100.72,31.31,3.0,217.8,46.66,46.7,44.85,46.82,48.34,2887868.0,132105169.0
2018-05-02,27.37,8.57,5.83,-102.46,31.31,2.95,221.55,45.61,47.51,45.58,47.75,46.7,1523632.0,70730790.0
2018-05-03,26.98,8.45,5.75,-100.97,31.31,2.99,218.32,47.17,46.82,45.91,47.25,47.51,795136.0,37008771.0
2018-05-04,26.92,11.28,5.74,-100.76,41.91,3.0,217.89,46.39,46.72,46.25,47.35,46.82,648636.0,30478360.0
2018-05-07,28.21,11.82,6.01,-105.6,41.91,2.86,228.34,46.69,48.96,46.69,49.01,46.72,1589174.0,76927227.0
2018-05-08,28.83,12.08,6.14,-107.92,41.91,2.8,233.35,49.47,50.04,48.65,50.21,48.96,955879.0,47482436.0
2018-05-09,29.18,12.23,6.22,-109.2,41.91,2.77,236.14,50.02,50.64,49.51,50.7,50.04,821888.0,41125705.0
2018-05-10,29.1,12.19,6.2,-108.9,41.91,2.77,235.49,50.7,50.5,50.05,51.15,50.64,539887.0,27238371.0
2018-05-11,29.06,12.18,6.19,-108.76,41.91,2.78,235.18,50.56,50.43,50.35,52.04,50.5,628397.0,32045613.0
2018-05-14,29.12,12.2,6.21,-109.0,41.91,2.77,235.7,50.58,50.54,49.79,51.36,50.43,658087.0,33157226.0
2018-05-15,29.48,12.35,6.28,-110.33,41.91,2.74,238.58,50.8,51.16,50.59,51.84,50.54,670283.0,34388891.0
2018-05-16,30.16,12.64,6.43,-112.87,41.91,2.68,244.07,51.14,52.34,51.13,52.96,51.16,993702.0,51744852.0
2018-05-17,27.98,11.72,5.96,-104.71,41.91,2.89,226.42,51.62,49.91,49.59,51.65,52.35,1320849.0,66671974.0
2018-05-18,28.69,12.02,6.11,-107.37,41.91,2.81,232.17,50.54,51.17,49.82,51.32,49.91,735484.0,37247586.0
2018-05-21,28.74,12.04,6.12,-107.55,41.91,2.81,232.57,51.23,51.26,50.67,52.33,51.17,565648.0,28934009.0
2018-05-22,28.4,11.9,6.05,-106.3,41.91,2.84,229.87,51.26,50.66,50.48,51.79,51.26,558688.0,28489403.0
2018-05-23,28.18,11.81,6.0,-105.46,41.91,2.87,228.04,50.79,50.26,50.22,51.74,50.66,587642.0,29834271.0
2018-05-24,27.95,11.71,5.96,-104.61,41.91,2.89,226.21,50.83,49.86,49.38,50.83,50.26,697319.0,34730507.0
2018-05-25,27.96,11.72,5.96,-104.63,41.91,2.89,226.25,49.93,49.87,49.0,50.14,49.86,633992.0,31335329.0
2018-05-28,27.47,11.51,5.85,-102.8,41.91,2.94,222.29,49.82,48.99,48.74,50.21,49.87,1079687.0,53282697.0
2018-05-29,27.75,11.63,5.91,-103.85,41.91,2.91,224.55,49.05,49.49,48.8,50.02,48.99,753957.0,37308729.0
2018-05-30,26.84,11.25,5.72,-100.44,41.91,3.01,217.19,48.77,47.87,47.05,48.97,49.49,855634.0,41043601.0
2018-05-31,27.83,11.66,5.93,-104.15,41.91,2.9,225.21,48.37,49.64,47.53,49.74,47.87,811187.0,39426197.0
2018-06-01,27.67,11.59,5.9,-103.54,41.91,2.92,223.9,49.25,49.35,48.56,49.65,49.64,553689.0,27230269.0
2018-06-04,28.31,11.86,6.03,-105.96,41.91,2.85,229.13,49.41,50.5,49.35,51.4,49.35,1368905.0,69190355.0
2018-06-05,28.4,11.9,6.05,-106.3,41.91,2.84,229.87,50.02,50.66,49.95,51.02,50.5,1065328.0,53790090.0
2018-06-06,28.62,11.99,6.1,-107.11,41.91,2.82,231.61,50.6,51.05,50.1,51.33,50.66,823563.0,41858579.0
2018-06-07,28.53,11.96,6.08,-106.79,41.91,2.83,230.91,50.62,50.9,50.6,51.62,51.05,569943.0,29096406.0
2018-06-08,27.78,11.64,5.92,-103.97,41.91,2.91,224.81,50.87,49.55,48.21,50.87,50.9,1050754.0,51666215.0
2018-06-11,27.84,11.67,5.93,-104.21,41.91,2.9,225.34,49.07,49.67,49.07,50.12,49.55,566458.0,28107506.0
2018-06-12,28.32,11.87,6.04,-106.0,41.91,2.85,229.21,49.31,50.52,48.79,50.76,49.67,747772.0,37427257.0
2018-06-13,27.69,11.6,5.9,-103.64,41.91,2.92,224.12,50.5,49.4,49.34,50.66,50.52,486407.0,24204614.0
2018-06-14,26.94,11.29,5.74,-100.84,41.91,3.0,218.06,49.0,48.06,48.01,49.78,49.4,526088.0,25645608.0
2018-06-15,27.29,11.44,5.82,-102.15,41.91,2.96,220.89,48.06,48.69,47.54,48.87,48.06,748140.0,35941210.0
2018-06-19,26.36,11.05,5.62,-98.65,41.91,3.06,213.31,47.93,47.02,46.35,48.41,48.69,710387.0,33530053.0
2018-06-20,26.85,11.25,5.72,-100.48,41.91,3.01,217.28,47.01,47.89,46.39,48.8,47.02,424392.0,20139127.0
2018-06-21,25.92,10.86,5.52,-97.02,41.91,3.11,209.78,48.04,46.24,46.09,48.3,47.89,428596.0,20207085.0
2018-06-22,26.29,11.02,5.6,-98.41,41.91,3.07,212.79,46.47,46.9,45.65,46.95,46.24,510652.0,23559415.0
2018-06-25,26.24,11.0,5.59,-98.23,41.91,3.08,212.4,47.05,46.81,46.47,47.49,46.9,280983.0,13140731.0
2018-06-26,25.99,10.89,5.54,-97.28,41.91,3.11,210.35,46.37,46.36,45.8,46.73,46.81,289864.0,13406531.0
2018-06-27,24.96,10.46,5.32,-93.43,41.91,3.23,202.03,46.72,44.53,44.39,46.9,46.36,554947.0,25176465.0
2018-06-28,25.2,10.56,5.37,-94.32,41.91,3.2,203.95,44.38,44.95,43.89,45.46,44.53,549852.0,24662342.0
2018-06-29,26.03,10.91,5.55,-97.44,41.91,3.1,210.7,45.02,46.44,44.64,46.58,44.95,535141.0,24454632.0
2018-07-02,25.17,10.55,5.36,-94.22,41.91,0.0,203.73,46.76,44.9,42.75,46.78,46.44,813468.0,36153899.0
2018-07-03,25.92,10.86,5.52,-97.02,41.91,0.0,209.78,44.62,46.24,43.69,46.47,44.9,996418.0,45159673.0
2018-07-04,25.36,10.63,5.4,-94.9,41.91,0.0,205.21,46.09,45.23,45.18,46.26,46.24,320019.0,14649376.0
2018-07-05,24.73,10.36,5.27,-92.57,41.91,0.0,200.16,45.61,44.12,43.72,46.45,45.23,499240.0,22456518.0
2018-07-06,25.72,10.78,5.48,-96.27,41.91,0.0,208.17,43.99,45.88,43.99,46.57,44.12,692370.0,31511389.0
2018-07-09,26.08,10.93,5.56,-97.6,41.91,0.0,211.05,46.26,46.52,45.65,46.7,45.88,335309.0,15473689.0
2018-07-10,25.88,10.85,5.52,-96.88,41.91,0.0,209.48,46.52,46.17,45.95,46.66,46.52,320165.0,14804714.0
2018-07-11,26.0,10.9,5.54,-97.32,41.91,0.0,210.44,45.89,46.38,44.74,46.52,46.17,511391.0,23115362.0
2018-07-12,26.94,11.29,5.74,-100.82,41.91,0.0,218.02,46.56,48.05,45.91,48.68,46.38,1298863.0,62366940.0
2018-07-13,27.0,11.31,5.75,-101.05,41.91,0.0,218.5,48.1,48.16,47.58,48.97,48.05,504219.0,24344755.0
2018-07-16,26.98,11.3,5.75,-100.97,41.91,0.0,218.32,48.82,48.12,47.63,48.92,48.16,276865.0,13273975.0
2018-07-17,27.14,11.37,5.78,-101.57,41.91,0.0,219.63,48.48,48.41,47.24,48.77,48.12,387555.0,18663742.0
2018-07-18,26.88,11.27,5.73,-100.62,41.91,0.0,217.58,48.95,47.96,47.89,48.95,48.41,258201.0,12488364.0
2018-07-19,26.88,11.26,5.73,-100.6,41.91,0.0,217.54,48.04,47.95,47.51,48.42,47.96,193285.0,9247646.0
2018-07-20,27.18,11.39,5.79,-101.71,41.91,0.0,219.93,48.0,48.48,47.53,48.97,47.95,433544.0,20980538.0
2018-07-23,27.76,11.63,5.92,-103.91,41.91,0.0,224.68,48.48,49.52,48.12,50.1,48.48,582640.0,28778370.0
2018-07-24,28.09,11.77,5.99,-105.14,41.91,0.0,227.34,49.73,50.11,49.16,51.01,49.52,609189.0,30802112.0
2018-07-25,28.62,11.35,6.2,-122.13,39.65,0.0,244.55,51.46,53.9,51.46,55.12,50.11,3020572.0,163703992.0
2018-07-26,28.12,11.15,6.09,-120.0,39.65,0.0,240.28,54.92,52.96,52.61,55.05,53.9,1477421.0,79463301.0
2018-07-27,28.14,11.16,6.09,-120.1,39.65,0.0,240.49,53.33,53.01,52.85,54.73,52.96,999756.0,53772132.0
2018-07-30,28.19,11.18,6.1,-120.32,39.65,0.0,240.93,52.92,53.1,51.9,53.98,53.01,781741.0,41783412.0
2018-07-31,28.52,11.31,6.17,-121.69,39.65,0.0,243.67,53.09,53.71,52.33,53.96,53.1,703047.0,37363818.0
2018-08-01,28.58,11.33,6.19,-121.98,39.65,0.0,244.24,53.75,53.83,53.05,54.44,53.71,784422.0,42328321.0
2018-08-02,28.76,11.4,6.23,-122.74,39.65,0.0,245.77,53.29,54.17,52.11,54.19,53.83,1398850.0,74302685.0
2018-08-03,27.36,10.85,5.92,-116.78,39.65,0.0,233.83,53.29,51.54,51.17,54.07,54.17,702694.0,36901191.0
2018-08-06,27.34,10.84,5.92,-116.67,39.65,0.0,233.61,51.86,51.49,49.25,51.86,51.54,726220.0,36793664.0
2018-08-07,27.58,10.94,5.97,-117.69,39.65,0.0,235.66,51.37,51.94,50.49,52.22,51.49,683793.0,35147571.0
2018-08-08,27.06,10.73,5.86,-115.49,39.65,0.0,231.26,52.52,50.97,50.41,52.52,51.94,576422.0,29385146.0
2018-08-09,27.46,10.89,5.94,-117.17,39.65,0.0,234.61,50.49,51.71,50.41,52.32,50.97,626475.0,32408751.0
2018-08-10,27.92,11.07,6.05,-119.17,39.65,0.0,238.62,51.72,52.59,51.37,52.61,51.71,507010.0,26390205.0
2018-08-13,27.61,10.95,5.98,-117.82,39.65,0.0,235.92,52.81,52.0,51.37,52.81,52.59,448075.0,23233923.0
2018-08-14,27.21,10.79,5.89,-116.1,39.65,0.0,232.48,52.18,51.24,50.93,52.18,52.0,277868.0,14259013.0
2018-08-15,26.56,10.53,5.75,-113.34,39.65,0.0,226.95,51.46,50.02,49.95,51.46,51.24,283236.0,14254865.0
2018-08-16,26.6,10.55,5.76,-113.53,39.65,0.0,227.34,49.69,50.11,48.64,50.39,50.02,282971.0,13995798.0
2018-08-17,25.73,10.2,5.57,-109.81,39.65,0.0,219.89,50.67,48.47,48.29,50.79,50.11,365495.0,17995108.0
2018-08-20,25.3,10.03,5.48,-107.97,39.65,0.0,216.19,48.85,47.65,46.07,48.94,48.47,812523.0,38340569.0
2018-08-21,25.64,10.17,5.55,-109.4,39.65,0.0,219.06,48.77,48.28,47.81,48.77,47.65,308935.0,14895114.0
2018-08-22,25.67,10.18,5.56,-109.55,39.65,0.0,219.37,47.76,48.35,47.33,48.49,48.28,242688.0,11623458.0
2018-08-23,26.06,10.33,5.64,-111.21,39.65,0.0,222.68,48.35,49.08,46.11,49.11,48.35,582876.0,27944030.0
2018-08-24,25.54,10.13,5.53,-108.99,39.65,0.0,218.24,49.08,48.1,47.81,49.08,49.08,277322.0,13439580.0
2018-08-27,25.82,10.24,5.59,-110.18,39.65,0.0,220.63,48.1,48.63,48.01,49.01,48.1,427508.0,20758167.0
2018-08-28,25.63,10.16,5.55,-109.38,39.65,0.0,219.02,48.48,48.27,48.11,48.92,48.63,236841.0,11460736.0
2018-08-29,25.27,10.02,5.47,-107.84,39.65,0.0,215.93,48.53,47.59,47.53,48.53,48.27,226024.0,10822250.0
2018-08-30,25.11,9.96,5.44,-107.14,39.65,0.0,214.53,48.01,47.29,47.17,48.01,47.59,211145.0,10029491.0
2018-08-31,25.41,10.08,5.5,-108.44,39.65,0.0,217.15,47.29,47.86,46.43,47.99,47.29,492839.0,23177576.0
2018-09-03,24.98,9.91,5.41,-106.62,39.65,0.0,213.49,47.71,47.05,46.18,47.71,47.86,383251.0,17870418.0
2018-09-04,25.05,9.94,5.42,-106.92,39.65,0.0,214.1,46.09,47.19,46.09,47.99,47.05,596019.0,27795317.0
2018-09-05,24.62,9.76,5.33,-105.07,39.65,0.0,210.39,46.76,46.37,45.89,46.77,47.19,293897.0,13600538.0
2018-09-06,24.25,9.62,5.25,-103.48,39.65,0.0,207.21,46.37,45.67,45.62,46.46,46.37,224647.0,10323772.0
2018-09-07,24.45,9.7,5.29,-104.35,39.65,0.0,208.96,46.09,46.06,45.66,47.14,45.67,365391.0,16867327.0
2018-09-10,23.96,9.5,5.19,-102.27,39.65,0.0,204.78,46.3,45.13,45.13,46.3,46.06,252113.0,11485101.0
2018-09-11,24.13,9.57,5.22,-102.96,39.65,0.0,206.17,45.5,45.44,45.08,45.99,45.13,206966.0,9395731.0
2018-09-12,24.13,9.57,5.23,-102.98,39.65,0.0,206.21,45.7,45.45,45.12,45.78,45.44,212974.0,9665421.0
2018-09-13,24.47,9.7,5.3,-104.42,39.65,0.0,209.09,45.74,46.09,45.14,46.37,45.45,440896.0,20221608.0
2018-09-14,24.42,9.68,5.29,-104.2,39.65,0.0,208.65,46.23,45.99,45.8,46.76,46.09,256117.0,11828985.0
2018-09-17,23.86,9.46,5.17,-101.81,39.65,0.0,203.86,45.99,44.93,44.72,45.99,45.99,233319.0,10518038.0
2018-09-18,23.97,9.5,5.19,-102.29,39.65,0.0,204.82,44.91,45.14,44.09,45.39,44.93,295348.0,13189456.0
2018-09-19,24.32,9.64,5.26,-103.77,39.65,0.0,207.78,45.11,45.8,44.27,46.42,45.14,473024.0,21535035.0
2018-09-20,23.89,9.47,5.17,-101.94,39.65,0.0,204.12,45.79,44.99,44.93,46.07,45.8,305698.0,13889324.0
2018-09-21,24.47,9.7,5.3,-104.42,39.65,0.0,209.09,45.32,46.09,45.17,46.42,44.99,729850.0,33495211.0
2018-09-25,25.22,10.0,5.46,-107.64,39.65,0.0,215.53,45.89,47.51,45.53,47.86,46.09,868750.0,40913554.0
2018-09-26,25.16,9.98,5.45,-107.36,39.65,0.0,214.97,47.62,47.38,46.81,47.97,47.51,865563.0,41024853.0
2018-09-27,25.16,9.98,5.45,-107.36,39.65,0.0,214.97,47.56,47.38,46.66,47.56,47.38,402216.0,18919903.0
2018-09-28,25.56,10.14,5.54,-109.1,39.65,0.0,218.45,46.96,48.15,46.96,48.18,47.38,511437.0,24377202.0
2018-10-08,24.96,9.9,5.4,-106.53,39.65,0.0,213.31,47.24,47.02,46.38,47.68,48.15,545863.0,25667996.0
2018-10-09,24.32,9.64,5.26,-103.77,39.65,0.0,207.78,47.02,45.8,45.29,47.51,47.02,707499.0,32777383.0
2018-10-10,24.45,9.7,5.29,-104.35,39.65,0.0,208.96,46.75,46.06,45.29,47.02,45.8,273182.0,12525631.0
2018-10-11,23.45,9.3,5.08,-100.07,39.65,0.0,200.38,44.55,44.16,43.3,45.03,46.06,702001.0,31002076.0
2018-10-12,23.59,9.35,5.11,-100.66,39.65,0.0,201.55,44.61,44.42,42.34,44.61,44.16,633474.0,27486614.0
2018-10-15,23.35,9.26,5.06,-99.63,39.65,0.0,199.5,44.48,43.97,43.68,45.01,44.42,317146.0,14074286.0
2018-10-16,22.76,9.03,4.93,-97.13,39.65,0.0,194.5,43.97,42.87,42.24,44.15,43.97,461824.0,19831074.0
2018-10-17,22.02,8.73,4.77,-93.98,39.65,0.0,188.18,43.2,41.48,39.36,43.59,42.87,1108367.0,45491388.0
2018-10-18,21.56,8.55,4.67,-92.02,39.65,0.0,184.26,41.46,40.61,39.39,41.46,41.48,654731.0,26348620.0
2018-10-19,21.87,8.67,4.74,-93.35,39.65,0.0,186.92,39.94,41.2,39.66,41.76,40.61,1099485.0,44646697.0
2018-10-22,22.17,8.79,4.8,-94.63,39.65,0.0,189.49,41.37,41.76,41.37,43.55,41.2,1823952.0,77580865.0
2018-10-23,21.54,8.54,4.66,-91.91,39.65,0.0,184.04,42.09,40.56,40.52,42.72,41.76,1220309.0,50725968.0
2018-10-24,21.06,7.59,4.5,-45.06,36.01,0.0,180.34,38.4,39.75,36.99,41.26,40.56,2237607.0,87017081.0
2018-10-25,20.7,7.46,4.42,-44.29,36.01,0.0,177.25,38.69,39.07,37.92,39.64,39.75,1409910.0,54764275.0
2018-10-26,19.77,7.12,4.22,-42.3,36.01,0.0,169.27,39.25,37.31,35.2,39.72,39.07,1629605.0,61188095.0
2018-10-29,18.55,6.68,3.96,-39.67,36.01,0.0,158.78,37.31,35.0,34.24,37.32,37.31,2501136.0,87533243.0
2018-10-30,18.49,6.66,3.95,-39.57,36.01,0.0,158.34,34.95,34.9,33.85,35.24,35.0,1163189.0,40255028.0
2018-10-31,18.79,6.77,4.01,-40.2,36.01,0.0,160.87,34.91,35.46,34.6,36.34,34.9,2045831.0,72698399.0
2018-11-01,18.93,6.82,4.04,-40.49,36.01,0.0,162.04,35.31,35.72,35.31,36.59,35.46,1575432.0,56490521.0
2018-11-02,19.49,7.02,4.16,-41.69,36.01,0.0,166.83,36.0,36.77,35.82,37.06,35.72,2098328.0,76128606.0
2018-11-05,19.14,6.89,4.09,-40.95,36.01,0.0,163.87,36.51,36.12,35.6,37.4,36.77,2368160.0,85913076.0
2018-11-06,18.67,6.72,3.99,-39.94,36.01,0.0,159.82,35.75,35.23,34.23,36.29,36.12,2476312.0,86294266.0
2018-11-07,18.76,6.76,4.01,-40.14,36.01,0.0,160.65,35.59,35.41,34.87,36.38,35.23,1992725.0,71369614.0
2018-11-08,18.88,6.8,4.03,-40.39,36.01,0.0,161.65,35.87,35.63,35.34,36.07,35.41,1054346.0,37608867.0
2018-11-09,18.37,6.61,3.92,-39.29,36.01,0.0,157.25,35.91,34.66,34.24,35.91,35.63,2105406.0,72854164.0
2018-11-12,19.45,7.0,4.15,-41.6,36.01,0.0,166.49,34.66,36.7,33.97,36.94,34.66,2316261.0,82759618.0
2018-11-13,19.46,7.01,4.15,-41.62,36.01,0.0,166.57,36.37,36.71,35.8,37.02,36.7,2013156.0,73441037.0
2018-11-14,19.35,6.97,4.13,-41.41,36.01,0.0,165.7,36.7,36.52,36.29,37.23,36.71,1698407.0,62501150.0
2018-11-15,19.74,7.11,4.22,-42.23,36.01,0.0,169.01,36.7,37.25,36.39,37.36,36.52,1306351.0,48190058.0
2018-11-16,19.69,7.09,4.2,-42.12,36.01,0.0,168.58,37.44,37.16,36.7,37.61,37.25,2105777.0,77960814.0
2018-11-19,19.69,7.09,4.2,-42.12,36.01,0.0,168.58,37.16,37.16,36.57,37.25,37.16,1321167.0,48836597.0
2018-11-20,19.42,6.99,4.15,-41.55,36.01,0.0,166.27,36.94,36.65,36.29,37.24,37.16,1325782.0,48679736.0
2018-11-21,19.44,7.0,4.15,-41.58,36.01,0.0,166.4,35.92,36.68,35.78,36.68,36.65,1056274.0,38447375.0
2018-11-22,19.64,7.07,4.19,-42.02,36.01,0.0,168.14,37.06,37.06,36.41,37.24,36.68,670239.0,24690920.0
2018-11-23,19.08,6.87,4.08,-40.83,36.01,0.0,163.39,37.13,36.01,36.0,37.92,37.06,1891328.0,69745077.0
2018-11-26,18.83,6.78,4.02,-40.27,36.01,0.0,161.17,36.26,35.52,34.78,36.26,36.01,1484682.0,52455038.0
2018-11-27,18.65,6.72,3.98,-39.9,36.01,0.0,159.69,36.0,35.2,34.97,36.0,35.52,1041059.0,36790974.0
2018-11-28,18.7,6.73,3.99,-40.0,36.01,0.0,160.08,35.2,35.28,34.79,35.51,35.2,966897.0,33992050.0
2018-11-29,18.98,6.84,4.05,-40.61,36.01,0.0,162.52,35.62,35.82,35.61,36.76,35.28,1172287.0,42399635.0
2018-11-30,18.96,6.83,4.05,-40.57,36.01,0.0,162.35,35.64,35.78,35.1,36.04,35.82,894612.0,31959927.0
2018-12-03,19.83,7.14,4.23,-42.42,36.01,0.0,169.75,36.68,37.42,36.23,37.69,35.78,1810265.0,67320344.0
2018-12-04,19.79,7.13,4.23,-42.34,36.01,0.0,169.45,37.42,37.35,36.92,37.64,37.42,773403.0,28844649.0
2018-12-05,19.79,7.13,4.23,-42.34,36.01,0.0,169.45,36.49,37.35,36.44,37.63,37.35,784572.0,29137160.0
2018-12-06,19.36,6.97,4.14,-41.43,36.01,0.0,165.79,37.39,36.54,36.39,37.39,37.35,778788.0,28583080.0
2018-12-07,19.45,7.0,4.15,-41.6,36.01,0.0,166.49,36.54,36.7,36.28,36.87,36.54,582165.0,21356546.0
2018-12-10,19.2,6.91,4.1,-41.08,36.01,0.0,164.4,36.71,36.23,35.81,36.95,36.7,748392.0,27100762.0
2018-12-11,19.54,7.04,4.17,-41.8,36.01,0.0,167.27,36.74,36.87,36.18,36.96,36.23,511063.0,18709391.0
2018-12-12,19.56,7.04,4.18,-41.84,36.01,0.0,167.44,37.15,36.91,36.82,37.15,36.87,510408.0,18866654.0
2018-12-13,20.19,7.27,4.31,-43.19,36.01,0.0,172.85,37.39,38.1,36.48,38.21,36.91,1429424.0,53576790.0
2018-12-14,19.49,7.02,4.16,-41.7,36.01,0.0,166.88,37.74,36.78,36.31,37.9,38.1,1051084.0,38903797.0
2018-12-17,19.28,6.94,4.12,-41.24,36.01,0.0,165.05,36.71,36.38,35.95,36.71,36.78,632898.0,22938426.0
2018-12-18,19.09,6.88,4.08,-40.85,36.01,0.0,163.48,36.37,36.03,35.72,36.37,36.38,433360.0,15619735.0
2018-12-19,19.09,6.88,4.08,-40.85,36.01,0.0,163.48,36.03,36.03,35.55,36.38,36.03,673989.0,24256671.0
2018-12-20,19.09,6.87,4.08,-40.84,36.01,0.0,163.44,35.72,36.02,35.06,36.06,36.03,559143.0,19974599.0
2018-12-21,18.93,6.82,4.04,-40.5,36.01,0.0,162.09,35.76,35.73,35.52,36.1,36.02,365549.0,13045187.0
2018-12-24,19.29,6.95,4.12,-41.26,36.01,0.0,165.14,36.0,36.4,35.2,36.53,35.73,471293.0,17076127.0
2018-12-25,19.33,6.96,4.13,-41.35,36.01,0.0,165.48,36.03,36.47,35.52,36.53,36.4,426698.0,15374724.0
2018-12-26,19.45,7.0,4.15,-41.61,36.01,0.0,166.53,36.56,36.7,36.22,37.06,36.47,547344.0,20059621.0
2018-12-27,19.35,6.97,4.13,-41.39,36.01,0.0,165.66,37.0,36.51,36.46,37.44,36.7,508654.0,18730832.0
2018-12-28,19.43,7.0,4.15,-41.56,36.01,0.0,166.31,36.13,36.66,36.0,36.82,36.51,448686.0,16359634.0
2019-01-02,18.85,6.79,4.02,-40.32,36.01,4.05,161.35,37.04,35.56,35.14,37.04,36.66,562522.0,20201734.0
2019-01-03,18.3,6.59,3.91,-39.14,36.01,4.17,156.64,35.58,34.53,34.18,35.58,35.56,784349.0,27233408.0
2019-01-04,18.44,6.64,3.94,-39.45,36.01,4.14,157.86,34.18,34.79,33.89,34.98,34.53,730627.0,25197882.0
2019-01-07,18.7,6.74,3.99,-40.01,36.01,4.08,160.13,35.11,35.29,34.57,35.38,34.79,679958.0,23860617.0
2019-01-08,18.55,6.68,3.96,-39.69,36.01,4.11,158.82,35.29,35.01,34.97,35.86,35.29,648964.0,22909667.0
2019-01-09,19.05,6.86,4.07,-40.76,36.01,4.01,163.13,35.52,35.96,35.52,37.14,35.01,1858138.0,67609235.0
2019-01-10,19.03,6.85,4.06,-40.71,36.01,4.01,162.91,35.91,35.91,35.46,36.39,35.96,757028.0,27209204.0
2019-01-11,19.12,6.89,4.08,-40.9,36.01,3.99,163.7,36.1,36.08,35.72,36.39,35.91,444065.0,15992831.0
2019-01-14,19.13,6.89,4.09,-40.93,36.01,3.99,163.79,36.37,36.1,35.92,36.65,36.08,459553.0,16667668.0
2019-01-15,19.3,6.95,4.12,-41.29,36.01,3.95,165.22,36.26,36.42,35.54,36.53,36.1,741043.0,26717387.0
2019-01-16,19.17,6.9,4.09,-41.0,36.01,3.98,164.09,36.87,36.17,36.17,36.87,36.42,572515.0,20807935.0
2019-01-17,19.23,6.93,4.11,-41.14,36.01,3.97,164.66,36.17,36.29,35.76,36.43,36.17,473724.0,17121389.0
2019-01-18,19.41,6.99,4.14,-41.51,36.01,3.93,166.14,36.14,36.62,35.95,36.67,36.29,732065.0,26591384.0
2019-01-21,19.33,6.96,4.13,-41.36,36.01,3.95,165.53,36.68,36.48,36.29,36.88,36.62,794779.0,29066210.0
2019-01-22,18.7,6.73,3.99,-40.0,36.01,4.08,160.08,36.59,35.28,35.14,36.6,36.48,1111065.0,39453380.0
2019-01-23,18.76,6.76,4.01,-40.14,36.01,4.07,160.65,35.12,35.41,34.98,35.59,35.28,543937.0,19200815.0
2019-01-24,18.71,6.74,4.0,-40.03,36.01,4.08,160.21,35.5,35.31,34.98,35.59,35.41,948501.0,33458202.0
2019-01-25,18.98,6.83,4.05,-40.6,36.01,4.02,162.48,35.48,35.81,35.24,35.87,35.31,709858.0,25307863.0
2019-01-28,19.39,6.98,4.14,-41.48,36.01,3.94,166.01,36.1,36.59,35.87,37.12,35.81,1519241.0,55737320.0
2019-01-29,19.07,6.87,4.07,-40.8,36.01,4.0,163.26,36.7,35.98,35.34,36.75,36.59,1124643.0,40312171.0
2019-01-30,18.79,6.77,4.01,-40.2,36.01,4.06,160.87,35.97,35.46,35.26,35.97,35.98,711484.0,25235390.0
2019-01-31,18.74,6.75,4.0,-40.1,36.01,4.07,160.48,35.2,35.37,35.2,35.74,35.46,497290.0,17629137.0
2019-02-01,19.07,6.87,4.07,-40.8,36.01,4.0,163.26,35.51,35.98,35.37,36.1,35.37,898533.0,32216956.0
2019-02-11,19.51,7.02,4.17,-41.73,36.01,3.91,167.01,36.1,36.81,36.1,36.93,35.98,1068781.0,39116947.0
2019-02-12,20.71,7.46,4.42,-44.3,36.01,3.69,177.29,36.71,39.08,36.71,39.66,36.81,3059934.0,117870537.0
2019-02-13,21.15,7.61,4.52,-45.24,36.01,3.61,181.04,39.28,39.9,38.88,40.23,39.08,2382593.0,94311164.0
2019-02-14,21.6,7.78,4.61,-46.21,36.01,3.53,184.91,39.75,40.76,39.38,40.89,39.9,1781697.0,72136165.0
2019-02-15,21.13,7.61,4.51,-45.2,36.01,3.61,180.9,41.09,39.87,39.7,41.09,40.76,1460010.0,58660580.0
2019-02-18,21.48,7.74,4.59,-45.96,36.01,3.55,183.91,39.98,40.54,39.98,40.8,39.87,1806934.0,73032302.0
2019-02-19,21.63,7.79,4.62,-46.27,36.01,3.53,185.17,40.56,40.81,40.13,41.16,40.54,1552899.0,62890996.0
2019-02-20,21.53,7.75,4.6,-46.05,36.01,3.55,184.3,40.83,40.62,40.31,40.92,40.81,871850.0,35419791.0
2019-02-21,21.08,7.59,4.5,-45.1,36.01,3.62,180.47,40.67,39.78,39.3,40.67,40.62,2018024.0,80926319.0
2019-02-22,21.46,7.73,4.58,-45.91,36.01,3.56,183.74,39.93,40.5,39.61,40.58,39.78,1371383.0,55299592.0
2019-02-25,22.03,7.93,4.7,-47.13,36.01,3.46,188.61,40.57,41.57,40.57,42.1,40.5,2156243.0,88931371.0
2019-02-26,21.33,7.68,4.56,-45.64,36.01,3.58,182.65,41.28,40.26,39.94,41.28,41.57,3124166.0,126449005.0
2019-02-27,21.4,7.71,4.57,-45.78,36.01,3.57,183.21,40.13,40.38,40.04,41.04,40.26,2074003.0,83947860.0
2019-02-28,21.55,7.76,4.6,-46.11,36.01,3.54,184.52,40.21,40.67,40.21,40.98,40.38,1226668.0,49698240.0
2019-03-01,21.56,7.76,4.6,-46.12,36.01,3.54,184.56,40.9,40.68,40.15,40.98,40.67,1096686.0,44356777.0
2019-03-04,21.97,7.91,4.69,-47.0,36.01,3.47,188.09,40.68,41.46,40.49,42.49,40.68,2497960.0,104414111.0
2019-03-05,22.85,8.23,4.88,-48.88,36.01,3.34,195.63,41.56,43.12,41.29,43.67,41.46,2488843.0,105589362.0
2019-03-06,22.49,8.1,4.8,-48.11,36.01,3.39,192.54,43.35,42.44,41.86,43.86,43.12,2454255.0,104538600.0
2019-03-07,22.23,8.01,4.75,-47.57,36.01,3.43,190.36,42.62,41.96,41.4,42.63,42.44,1922434.0,80332323.0
2019-03-08,21.19,7.63,4.53,-45.34,36.01,3.6,181.43,41.48,39.99,39.56,41.74,41.96,2096721.0,85475409.0
2019-03-11,21.8,7.85,4.66,-46.64,36.01,3.5,186.65,40.23,41.14,40.23,41.35,39.99,1387743.0,56729226.0
2019-03-12,21.82,7.86,4.66,-46.67,36.01,3.5,186.79,41.4,41.17,40.55,42.05,41.14,1513872.0,62655733.0
2019-03-13,21.66,7.8,4.63,-46.34,36.01,3.52,185.43,41.96,40.87,40.68,42.05,41.17,1833872.0,76336973.0
2019-03-14,21.82,7.86,4.66,-46.67,36.01,3.5,186.79,41.04,41.17,40.5,41.86,40.87,1724390.0,71450573.0
2019-03-15,22.39,8.06,4.78,-47.89,36.01,3.41,191.66,41.37,42.24,41.19,42.53,41.17,1822440.0,76466866.0
2019-03-18,23.04,8.3,4.92,-49.3,36.01,3.31,197.28,42.24,43.48,41.86,43.72,42.24,2305377.0,98794286.0
2019-03-19,22.83,8.22,4.88,-48.85,36.01,3.34,195.5,43.52,43.09,42.72,43.68,43.48,1342150.0,57846775.0
2019-03-20,22.39,8.06,4.78,-47.89,36.01,3.41,191.66,42.93,42.24,41.76,43.24,43.09,1397241.0,59352339.0
2019-03-21,23.31,8.4,4.98,-49.87,36.01,3.27,199.59,41.82,43.99,41.82,44.84,42.24,2017021.0,87557388.0
2019-03-22,23.18,8.35,4.95,-49.59,36.01,3.29,198.46,44.02,43.74,42.73,44.14,43.99,1138820.0,49434670.0
2019-03-25,22.89,8.24,4.89,-48.96,36.01,3.33,195.93,43.11,43.19,42.74,43.73,43.74,1105633.0,47858789.0
2019-03-26,23.07,8.31,4.93,-49.36,36.01,3.31,197.54,43.31,43.54,43.26,44.84,43.19,1522829.0,66950421.0
2019-03-27,24.41,8.79,5.21,-52.23,36.01,3.13,209.0,43.65,46.07,43.06,46.07,43.54,2650548.0,118886437.0
2019-03-28,23.91,8.61,5.11,-51.16,36.01,3.19,204.73,46.05,45.12,45.04,46.84,46.07,1718421.0,78538589.0
2019-03-29,22.76,7.39,4.84,54.15,32.47,3.4,192.27,44.1,42.38,40.71,44.21,45.12,5435078.0,230550298.0
2019-04-01,23.53,7.64,5.0,55.98,32.47,3.29,198.76,42.36,43.81,41.99,44.15,42.38,3184193.0,137581737.0
2019-04-02,23.09,7.5,4.91,54.94,32.47,3.35,195.06,44.21,42.99,42.59,44.21,43.81,3113179.0,133816199.0
2019-04-03,23.08,7.5,4.9,54.93,32.47,3.35,195.02,42.92,42.98,42.48,43.07,42.99,1871212.0,79954634.0
2019-04-04,23.42,7.6,4.98,55.72,32.47,3.3,197.85,43.2,43.61,42.44,43.64,42.98,2450320.0,105682091.0
2019-04-08,24.07,7.82,5.11,57.28,32.47,3.21,203.38,43.87,44.83,42.9,45.07,43.61,3541264.0,156646088.0
2019-04-09,23.86,7.75,5.07,56.78,32.47,3.24,201.6,44.63,44.43,44.08,45.51,44.83,2260426.0,101360800.0
2019-04-10,24.13,7.84,5.13,57.43,32.48,3.2,203.9,44.44,44.94,43.41,45.27,44.43,2128701.0,94277456.0
2019-04-11,23.46,7.62,4.99,55.83,32.47,3.3,198.24,44.96,43.69,43.42,44.97,44.94,1498942.0,65995238.0
2019-04-12,23.2,7.53,4.93,55.21,32.47,3.33,196.02,43.3,43.2,42.96,43.59,43.69,1247751.0,53929801.0
2019-04-15,22.49,7.3,4.78,53.51,32.47,3.44,190.01,43.67,41.88,41.76,43.86,43.2,1818605.0,77766955.0
2019-04-16,22.68,7.37,4.82,53.98,32.47,3.41,191.66,41.19,42.24,41.0,42.72,41.88,1094875.0,46025642.0
2019-04-17,22.72,7.38,4.83,54.05,32.47,3.4,191.93,42.24,42.3,42.06,42.86,42.24,1081914.0,45853682.0
2019-04-18,23.03,7.48,4.89,54.8,32.48,3.36,194.58,42.48,42.89,42.48,43.59,42.3,1117417.0,48164841.0
2019-04-19,22.84,9.91,4.85,54.36,43.37,3.39,193.01,42.77,42.54,41.65,42.77,42.89,1238580.0,52184857.0
2019-04-22,22.33,9.69,4.75,53.15,43.37,3.46,188.7,42.36,41.59,41.31,42.52,42.54,1146269.0,48101878.0
2019-04-23,21.41,8.47,4.53,-136.11,39.57,3.66,178.55,40.13,39.35,39.04,40.97,41.59,2892666.0,115526953.0
2019-04-24,21.34,8.45,4.52,-135.68,39.57,3.67,177.99,39.45,39.23,38.69,39.64,39.35,1859710.0,72597167.0
2019-04-25,21.07,8.34,4.46,-133.95,39.57,3.72,175.72,39.22,38.73,38.62,39.48,39.23,1304057.0,50878567.0
2019-04-26,21.41,8.47,4.53,-136.11,39.57,3.66,178.55,39.14,39.35,38.73,39.46,38.73,1220327.0,47699433.0
2019-04-29,21.44,8.49,4.54,-136.31,39.57,3.65,178.81,39.35,39.41,39.12,39.84,39.35,1071081.0,42348988.0
2019-04-30,21.0,8.31,4.45,-133.48,39.57,3.73,175.11,38.84,38.6,38.21,39.36,39.41,1560303.0,60196327.0
2019-05-06,19.64,7.77,4.16,-124.85,39.57,3.99,163.79,37.36,36.1,35.84,38.31,38.6,1717531.0,63733302.0
2019-05-07,19.17,7.58,4.06,-121.83,39.57,4.09,159.82,36.4,36.69,36.3,37.57,36.1,1140810.0,41891942.0
2019-05-08,19.05,7.54,4.03,-121.06,39.57,4.11,158.82,36.33,36.46,35.13,36.88,36.69,791946.0,28760988.0
2019-05-09,18.92,7.49,4.01,-120.27,39.57,4.14,157.77,36.46,36.22,36.2,36.7,36.46,688094.0,25089546.0
2019-05-10,19.27,7.63,4.08,-122.49,39.57,4.07,160.69,37.49,36.89,35.6,37.49,36.22,1122699.0,41239435.0
2019-05-13,18.98,7.51,4.02,-120.63,39.57,4.13,158.25,36.83,36.33,36.25,36.83,36.89,829907.0,30196992.0
2019-05-14,19.08,7.55,4.04,-121.26,39.57,4.11,159.08,35.8,36.52,35.7,36.85,36.33,618974.0,22547061.0
2019-05-15,19.29,7.63,4.08,-122.59,39.57,4.06,160.82,36.68,36.92,36.6,37.2,36.52,970796.0,35822077.0
2019-05-16,19.46,7.7,4.12,-123.69,39.57,4.03,162.26,36.93,37.25,36.93,37.32,36.92,667537.0,24790593.0
2019-05-17,19.01,7.52,4.03,-120.83,39.57,4.12,158.51,37.25,36.39,36.12,37.26,37.25,712583.0,26166508.0
2019-05-20,19.17,7.59,4.06,-121.86,39.57,4.09,159.87,36.39,36.7,36.13,36.94,36.39,709985.0,25908098.0
2019-05-21,19.25,7.62,4.08,-122.36,39.57,4.07,160.52,36.73,36.85,36.46,37.11,36.7,476093.0,17538115.0
2019-05-22,19.41,7.68,4.11,-123.36,39.57,4.04,161.83,36.8,37.15,36.8,37.4,36.85,628232.0,23350751.0
2019-05-23,20.11,7.96,4.26,-127.84,39.57,3.9,167.71,37.2,38.5,37.05,38.81,37.15,1351095.0,51144608.0
2019-05-24,19.77,7.82,4.19,-125.68,39.57,3.96,164.87,38.17,37.85,37.68,38.45,38.5,741372.0,28223348.0
2019-05-27,19.9,7.88,4.21,-126.51,39.57,3.94,165.96,37.7,38.1,37.35,38.34,37.85,659754.0,24977986.0
2019-05-28,19.83,7.85,4.2,-126.05,39.57,3.95,165.35,38.1,37.96,37.79,38.34,38.1,565000.0,21445837.0
2019-05-29,19.8,7.83,4.19,-125.85,39.57,3.96,165.09,37.76,37.9,37.75,38.17,37.96,412705.0,15619388.0
2019-05-30,19.54,7.73,4.14,-124.19,39.57,4.01,162.91,37.9,37.4,37.12,37.9,37.9,542926.0,20310324.0
2019-05-31,19.62,7.76,4.16,-124.72,39.57,3.99,163.61,37.51,37.56,37.25,37.7,37.4,433356.0,16221785.0
2019-06-03,19.13,7.57,4.05,-121.6,39.57,4.1,159.52,37.55,36.62,36.5,37.7,37.56,843465.0,31144353.0
2019-06-04,19.35,7.66,4.1,-122.99,39.57,4.05,161.35,36.62,37.04,36.59,37.34,36.62,650670.0,24107304.0
2019-06-05,19.26,7.62,4.08,-122.43,39.57,4.07,160.61,37.15,36.87,36.82,37.35,37.04,466300.0,17277146.0
2019-06-06,18.96,7.5,4.02,-120.53,39.57,4.13,158.12,36.87,36.3,36.05,37.25,36.87,511355.0,18636113.0
2019-06-10,19.03,7.53,4.03,-120.93,39.57,4.12,158.65,36.31,36.42,36.16,37.09,36.3,449444.0,16457966.0
2019-06-11,19.56,7.74,4.14,-124.32,39.57,4.01,163.09,36.54,37.44,36.54,37.47,36.42,653625.0,24264057.0
2019-06-12,19.33,7.65,4.09,-122.86,39.57,4.05,161.17,37.4,37.0,36.88,37.8,37.44,636900.0,23649462.0
2019-06-13,19.43,7.69,4.11,-123.49,39.57,4.03,162.0,37.34,37.19,36.69,37.34,37.0,326070.0,12064517.0
2019-06-14,19.24,7.62,4.08,-122.33,39.57,4.07,160.48,37.19,36.84,36.79,37.29,37.19,600401.0,22177384.0
2019-06-17,19.33,7.65,4.09,-122.89,39.57,4.05,161.22,36.52,37.01,36.52,37.16,36.84,380900.0,14082312.0
2019-06-18,19.45,7.7,4.12,-123.65,39.57,4.03,162.22,36.7,37.24,36.7,37.3,37.01,458300.0,17024098.0
2019-06-19,19.59,7.75,4.15,-124.55,39.57,4.0,163.39,37.66,37.51,37.51,38.36,37.24,659704.0,24907267.0
2019-06-20,19.99,7.91,4.23,-127.04,39.57,3.92,166.66,37.77,38.26,37.42,38.47,37.51,786582.0,29965160.0
2019-06-21,20.3,8.03,4.3,-129.03,39.57,3.86,169.27,38.26,38.86,38.26,39.52,38.26,796862.0,31003751.0
2019-06-24,20.35,8.05,4.31,-129.37,39.57,3.85,169.71,38.87,38.96,38.68,39.39,38.86,538770.0,20986757.0
2019-06-25,20.17,7.98,4.27,-128.2,39.57,3.89,168.19,39.2,38.61,38.14,39.2,38.96,522038.0,20168403.0
2019-06-26,20.28,8.03,4.3,-128.93,39.57,3.86,169.14,38.61,38.83,38.57,39.12,38.61,506600.0,19700449.0
2019-06-27,20.37,8.06,4.31,-129.5,39.57,3.85,169.88,38.87,39.0,38.84,39.34,38.83,479958.0,18749914.0
2019-06-28,20.45,8.09,4.33,-130.0,39.57,3.83,170.54,39.18,39.15,38.4,39.18,39.0,460480.0,17886563.0
2019-07-01,20.16,7.98,4.27,-128.17,39.57,0.0,168.14,39.45,38.6,36.0,39.9,39.15,1427919.0,55811730.0
2019-07-02,20.41,8.08,4.32,-129.76,39.57,0.0,170.23,38.93,39.08,38.68,39.34,38.6,1357984.0,52959903.0
2019-07-03,20.05,7.93,4.25,-127.44,39.57,0.0,167.18,39.01,38.38,38.34,39.34,39.08,656814.0,25364019.0
2019-07-04,20.02,7.92,4.24,-127.24,39.57,0.0,166.92,38.5,38.32,38.04,38.95,38.38,592799.0,22825660.0
2019-07-05,20.19,7.99,4.28,-128.34,39.57,0.0,168.36,38.32,38.65,38.32,38.74,38.32,360558.0,13908010.0
2019-07-08,19.75,7.82,4.18,-125.55,39.57,0.0,164.7,38.62,37.81,37.63,39.2,38.65,882027.0,33654492.0
2019-07-09,19.54,7.73,4.14,-124.19,39.57,0.0,162.91,37.96,37.4,37.2,37.96,37.81,374673.0,14031078.0
2019-07-10,19.74,7.81,4.18,-125.48,39.57,0.0,164.61,37.6,37.79,37.18,37.96,37.4,671782.0,25337027.0
2019-07-11,19.63,7.77,4.16,-124.75,39.57,0.0,163.65,37.87,37.57,37.41,38.19,37.79,718627.0,27171951.0
2019-07-12,19.59,7.75,4.15,-124.52,39.57,0.0,163.35,37.4,37.5,37.31,37.8,37.57,302239.0,11343265.0
2019-07-15,19.54,7.73,4.14,-124.19,39.57,0.0,162.91,37.36,37.4,36.39,37.73,37.5,573814.0,21293192.0
2019-07-16,19.43,7.69,4.12,-123.52,39.57,0.0,162.04,37.3,37.2,37.0,37.5,37.4,409731.0,15233923.0
2019-07-17,19.46,7.7,4.12,-123.69,39.57,0.0,162.26,36.9,37.25,36.85,37.47,37.2,390886.0,14556140.0
2019-07-18,19.12,7.57,4.05,-121.53,39.57,0.0,159.43,36.93,36.6,36.5,37.25,37.25,452671.0,16630922.0
2019-07-19,19.19,7.59,4.06,-121.99,39.57,0.0,160.04,36.59,36.74,36.4,36.95,36.6,406446.0,14923018.0
2019-07-22,18.73,7.41,3.97,-119.04,39.57,0.0,156.16,36.74,35.85,35.71,36.82,36.74,515101.0,18637338.0
2019-07-23,18.64,7.38,3.95,-118.47,39.57,0.0,155.42,35.78,35.68,34.97,36.0,35.85,804593.0,28469843.0
2019-07-24,18.79,7.44,3.98,-119.44,39.57,0.0,156.69,35.65,35.97,35.4,36.09,35.68,460974.0,16545090.0
2019-07-25,18.89,7.48,4.0,-120.1,39.57,0.0,157.56,35.98,36.17,35.7,36.19,35.97,369647.0,13289642.0
2019-07-26,18.88,7.47,4.0,-120.0,39.57,0.0,157.43,36.17,36.14,35.89,36.48,36.17,324910.0,11752626.0
2019-07-29,18.75,7.42,3.97,-119.17,39.57,0.0,156.34,36.2,35.89,35.72,36.2,36.14,494077.0,17756100.0
2019-07-30,19.08,7.55,4.04,-121.26,39.57,0.0,159.08,35.86,36.52,35.86,36.7,35.89,546223.0,19906518.0
2019-07-31,19.11,7.56,4.05,-121.46,39.57,0.0,159.34,36.54,36.58,36.31,36.7,36.52,434864.0,15885816.0
2019-08-01,19.07,7.55,4.04,-121.2,39.57,0.0,158.99,36.53,36.5,36.19,36.7,36.58,518692.0,18922869.0
2019-08-02,19.16,7.58,4.06,-121.76,39.57,0.0,159.73,36.0,36.67,35.58,36.69,36.5,852188.0,30983016.0
2019-08-05,18.98,7.51,4.02,-120.63,39.57,0.0,158.25,36.7,36.33,36.26,36.74,36.67,650913.0,23731075.0
2019-08-06,18.61,7.36,3.94,-118.28,39.57,0.0,155.16,36.0,35.62,35.0,36.62,36.33,1014526.0,36313136.0
2019-08-07,18.71,7.4,3.96,-118.91,39.57,0.0,155.99,36.0,35.81,35.24,36.18,35.62,537400.0,19231114.0
2019-08-08,18.86,7.46,3.99,-119.87,39.57,0.0,157.25,35.56,36.1,35.56,36.37,35.81,377600.0,13632936.0
2019-08-09,18.77,7.43,3.98,-119.34,39.57,0.0,156.55,36.33,35.94,35.82,36.44,36.1,269746.0,9722511.0
2019-08-12,18.89,7.47,4.0,-120.07,39.57,0.0,157.51,35.95,36.16,35.52,36.39,35.94,419400.0,15052176.0
2019-08-13,18.76,7.42,3.97,-119.24,39.57,0.0,156.42,36.0,35.91,35.68,36.16,36.16,619286.0,22226147.0
2019-08-14,19.11,7.56,4.05,-121.5,39.57,0.0,159.39,36.19,36.59,36.1,36.59,35.91,659903.0,24036406.0
2019-08-15,19.29,7.63,4.08,-122.59,39.57,0.0,160.82,36.5,36.92,36.16,36.96,36.59,645912.0,23618090.0
2019-08-16,19.14,7.57,4.05,-121.66,39.57,0.0,159.6,36.89,36.64,36.24,37.09,36.92,719391.0,26452623.0
2019-08-19,19.31,7.64,4.09,-122.76,39.57,0.0,161.04,36.95,36.97,36.31,37.09,36.64,835636.0,30743329.0
2019-08-20,19.12,7.57,4.05,-121.53,39.57,0.0,159.43,36.94,36.6,36.55,36.97,36.97,626733.0,23011090.0
2019-08-21,19.01,7.52,4.03,-120.87,39.57,0.0,158.56,36.6,36.4,36.35,36.77,36.6,440258.0,16088670.0
2019-08-22,19.11,7.56,4.05,-121.46,39.57,0.0,159.34,36.33,36.58,36.22,36.77,36.4,592021.0,21586930.0
2019-08-23,19.82,6.81,4.0,-351.91,34.35,0.0,155.29,35.45,35.65,35.4,36.58,36.58,2069650.0,74310822.0
2019-08-26,19.8,6.8,3.99,-351.61,34.35,0.0,155.16,35.01,35.62,34.88,35.7,35.65,1457423.0,51459226.0
2019-08-27,20.33,6.98,4.1,-360.99,34.35,0.0,159.3,35.54,36.57,35.53,36.84,35.62,1368007.0,49724774.0
2019-08-28,20.39,7.0,4.11,-361.97,34.35,0.0,159.73,36.51,36.67,36.25,36.96,36.57,819753.0,30009038.0
2019-08-29,20.33,6.98,4.1,-360.99,34.35,0.0,159.3,36.77,36.57,36.27,36.94,36.67,623212.0,22861101.0
2019-08-30,20.07,6.89,4.05,-356.25,34.35,0.0,157.21,36.74,36.09,36.01,36.97,36.57,603441.0,21939491.0
2019-09-02,20.09,6.9,4.05,-356.74,34.35,0.0,157.43,36.0,36.14,35.99,36.45,36.09,609700.0,22034129.0
2019-09-03,19.92,6.84,4.02,-353.68,34.35,0.0,156.08,35.9,35.83,35.68,36.24,36.14,682314.0,24533361.0
2019-09-04,20.02,6.88,4.04,-355.36,34.35,0.0,156.82,35.8,36.0,35.63,36.07,35.83,505414.0,18134641.0
2019-09-05,20.29,6.97,4.09,-360.2,34.35,0.0,158.95,36.19,36.49,36.19,36.77,36.0,835200.0,30513023.0
2019-09-06,20.25,6.96,4.08,-359.51,34.35,0.0,158.65,36.5,36.42,36.05,36.78,36.49,394000.0,14319434.0
2019-09-09,20.38,7.0,4.11,-361.78,34.35,0.0,159.65,36.6,36.65,36.21,36.7,36.42,802890.0,29320732.0
2019-09-10,20.78,7.14,4.19,-368.88,34.35,0.0,162.78,36.68,37.37,36.32,37.88,36.65,1295319.0,48081983.0
2019-09-11,20.63,7.09,4.16,-366.32,34.35,0.0,161.65,37.45,37.11,37.0,37.68,37.37,741179.0,27584635.0
2019-09-12,20.74,7.12,4.18,-368.19,34.35,0.0,162.48,37.12,37.3,36.77,37.39,37.11,482343.0,17876252.0
2019-09-16,20.81,7.15,4.2,-369.48,34.35,0.0,163.05,37.51,37.43,37.2,37.84,37.3,702969.0,26386640.0
2019-09-17,20.77,7.14,4.19,-368.79,34.35,0.0,162.74,37.31,37.36,36.92,37.55,37.43,781364.0,29062457.0
2019-09-18,20.89,7.18,4.21,-370.96,34.35,0.0,163.7,37.25,37.58,37.15,37.74,37.36,860134.0,32259557.0
2019-09-19,21.56,7.41,4.35,-382.8,34.35,0.0,168.93,37.58,38.78,37.31,38.88,37.58,1758697.0,67247196.0
2019-09-20,21.45,7.37,4.32,-380.83,34.35,0.0,168.05,38.75,38.58,38.13,38.75,38.78,920409.0,35363623.0
2019-09-23,20.97,7.2,4.23,-372.24,34.35,0.0,164.26,38.34,37.71,37.15,38.52,38.58,834360.0,31486295.0
2019-09-24,21.02,7.22,4.24,-373.13,34.35,0.0,164.66,37.78,37.8,37.08,37.95,37.71,649414.0,24441801.0
2019-09-25,20.35,6.99,4.1,-361.38,34.35,0.0,159.47,37.45,36.61,36.61,37.5,37.8,716200.0,26488643.0
2019-09-26,20.44,7.02,4.12,-362.96,34.35,0.0,160.17,36.8,36.77,36.0,36.92,36.61,654957.0,23953715.0
2019-09-27,20.23,6.95,4.08,-359.11,34.35,0.0,158.47,36.75,36.38,36.05,36.75,36.77,502300.0,18266789.0
2019-09-30,20.34,6.99,4.1,-361.09,34.35,0.0,159.34,36.58,36.58,36.15,36.8,36.38,583417.0,21315097.0
2019-10-08,20.53,7.05,4.14,-364.44,34.35,0.0,160.82,36.75,36.92,36.22,37.29,36.58,459100.0,16973994.0
2019-10-09,20.26,6.96,4.09,-359.7,34.35,0.0,158.73,36.71,36.44,36.28,36.77,36.92,293423.0,10698167.0
2019-10-10,20.05,6.89,4.04,-356.05,34.35,0.0,157.12,36.23,36.07,35.83,36.53,36.44,778588.0,28086178.0
2019-10-11,19.86,6.82,4.0,-352.6,34.35,0.0,155.6,36.09,35.72,35.62,36.16,36.07,604297.0,21609269.0
2019-10-14,20.03,6.88,4.04,-355.66,34.35,0.0,156.95,35.8,36.03,35.8,36.14,35.72,762159.0,27447145.0
2019-10-15,19.86,6.82,4.0,-352.6,34.35,0.0,155.6,35.98,35.72,35.7,35.99,36.03,443568.0,15869080.0
2019-10-16,19.63,6.74,3.96,-348.55,34.35,0.0,153.81,35.7,35.31,35.26,36.09,35.72,737476.0,26290153.0
2019-10-17,19.57,6.72,3.95,-347.46,34.35,0.0,153.33,35.29,35.2,35.1,35.5,35.31,556223.0,19590178.0
2019-10-18,19.59,6.73,3.95,-347.76,34.35,0.0,153.46,35.3,35.23,34.42,35.38,35.2,851000.0,29701112.0
2019-10-21,19.33,6.64,3.9,-343.22,34.35,0.0,151.46,34.83,34.77,34.5,35.19,35.23,578295.0,20082369.0
2019-10-22,19.51,6.7,3.93,-346.38,34.35,0.0,152.85,34.78,35.09,34.62,35.09,34.77,336287.0,11750690.0
2019-10-23,19.55,6.72,3.94,-347.07,34.35,0.0,153.16,34.93,35.16,34.93,35.22,35.09,303592.0,10656774.0
2019-10-24,19.41,6.67,3.91,-344.6,34.35,0.0,152.07,35.17,34.91,34.81,35.23,35.16,330716.0,11571943.0
2019-10-25,19.5,6.7,3.93,-346.18,34.35,0.0,152.76,34.92,35.07,34.58,35.16,34.91,282107.0,9841492.0
2019-10-28,19.45,6.68,3.92,-345.39,34.35,0.0,152.42,35.07,34.99,34.9,35.73,35.07,733938.0,25724350.0
2019-10-29,19.17,6.58,3.86,-340.26,34.35,0.0,150.15,34.99,34.47,34.45,34.99,34.99,621351.0,21498432.0
2019-10-30,20.01,6.1,3.89,198.75,30.5,0.0,150.98,34.76,34.66,34.42,34.77,34.47,516950.0,17877192.0
2019-10-31,20.29,6.19,3.95,201.55,30.5,0.0,153.11,34.6,35.15,34.6,35.18,34.66,607155.0,21225613.0
2019-11-01,20.91,6.38,4.07,207.75,30.5,0.0,157.82,35.33,36.23,35.18,37.12,35.15,2623253.0,95546236.0
2019-11-04,20.89,6.37,4.06,207.46,30.5,0.0,157.6,36.27,36.18,35.81,36.89,36.23,1412269.0,51015207.0
2019-11-05,21.11,6.44,4.11,209.7,30.5,0.0,159.3,36.18,36.57,35.92,36.58,36.18,1028308.0,37294561.0
2019-11-06,21.42,6.53,4.17,212.74,30.5,0.0,161.61,36.57,37.1,36.25,37.37,36.57,1436813.0,52980838.0
2019-11-07,21.35,6.51,4.15,212.05,30.5,0.0,161.08,37.34,36.98,36.73,37.53,37.1,1083538.0,40204371.0
2019-11-08,20.93,6.38,4.07,207.86,30.5,0.0,157.9,37.09,36.25,36.19,37.45,36.98,1642480.0,60280226.0
2019-11-11,20.87,6.36,4.06,207.29,30.5,0.0,157.47,36.18,36.15,35.81,36.8,36.25,1568811.0,56776627.0
2019-11-12,21.43,6.54,4.17,212.85,30.5,0.0,161.69,36.19,37.12,36.01,37.4,36.15,1334605.0,49158411.0
2019-11-13,21.2,6.46,4.12,210.56,30.5,0.0,159.95,37.0,36.72,36.61,37.99,37.12,1691138.0,62980258.0
2019-11-14,21.14,6.45,4.11,209.98,30.5,0.0,159.52,36.96,36.62,36.35,36.97,36.72,926782.0,33899001.0
2019-11-15,21.44,6.54,4.17,212.97,30.5,0.0,161.78,36.61,37.14,36.31,37.35,36.62,1009394.0,37370659.0
2019-11-18,21.5,6.56,4.18,213.54,30.5,0.0,162.22,36.94,37.24,36.58,37.24,37.14,758006.0,27985914.0
2019-11-19,21.81,6.65,4.24,216.64,30.5,0.0,164.57,37.12,37.78,37.03,38.48,37.24,1350355.0,51114549.0
2019-11-20,21.47,6.55,4.18,213.25,30.5,0.0,162.0,37.52,37.19,37.19,37.85,37.78,924580.0,34589865.0
2019-11-21,21.34,6.51,4.15,211.93,30.5,0.0,161.0,37.1,36.96,36.55,37.15,37.19,536437.0,19777452.0
2019-11-22,20.91,6.38,4.07,207.69,30.5,0.0,157.77,36.94,36.22,36.19,37.37,36.96,877164.0,32139328.0
2019-11-25,20.84,6.36,4.06,207.0,30.5,0.0,157.25,36.22,36.1,35.68,36.49,36.22,679513.0,24458657.0
2019-11-26,20.78,6.34,4.04,206.43,30.5,0.0,156.82,36.1,36.0,35.86,36.3,36.1,445846.0,16093131.0
2019-11-27,20.63,6.29,4.01,204.88,30.5,0.0,155.64,35.92,35.73,35.52,36.09,36.0,626009.0,22382633.0
2019-11-28,20.61,6.29,4.01,204.77,30.5,0.0,155.55,35.55,35.71,35.51,35.85,35.73,365800.0,13045711.0
2019-11-29,20.95,6.39,4.08,208.15,30.5,0.0,158.12,35.7,36.3,35.58,36.55,35.71,681863.0,24576502.0
2019-12-02,20.84,6.36,4.06,207.0,30.5,0.0,157.25,36.29,36.1,35.9,36.46,36.3,497355.0,17953348.0
2019-12-03,20.67,6.3,4.02,205.34,30.5,0.0,155.99,35.91,35.81,35.33,35.96,36.1,499296.0,17811665.0
2019-12-04,20.9,6.38,4.07,207.63,30.5,0.0,157.73,35.53,36.21,35.53,36.21,35.81,491600.0,17696858.0
2019-12-05,21.27,6.49,4.14,211.3,30.5,0.0,160.52,36.32,36.85,36.14,36.85,36.21,717200.0,26231453.0
2019-12-06,21.24,6.48,4.13,211.02,30.5,0.0,160.3,36.7,36.8,36.5,37.33,36.85,932559.0,34368722.0
2019-12-09,21.4,6.53,4.16,212.56,30.5,0.0,161.48,36.72,37.07,36.53,37.24,36.8,682750.0,25214495.0
2019-12-10,21.36,6.51,4.16,212.16,30.5,0.0,161.17,37.1,37.0,36.9,37.26,37.07,507708.0,18819078.0
2019-12-11,21.42,6.53,4.17,212.74,30.5,0.0,161.61,37.28,37.1,36.61,37.3,37.0,655302.0,24243866.0
2019-12-12,21.56,6.58,4.2,214.17,30.5,0.0,162.7,37.02,37.35,36.81,37.67,37.1,776347.0,29004958.0
2019-12-13,21.48,6.55,4.18,213.37,30.5,0.0,162.09,37.39,37.21,37.05,37.84,37.35,1027078.0,38374390.0
2019-12-16,21.94,6.69,4.27,217.9,30.5,0.0,165.53,37.24,38.0,37.06,38.25,37.21,1466422.0,55478929.0
2019-12-17,21.92,6.69,4.27,217.78,30.5,0.0,165.44,38.05,37.98,37.81,38.79,38.0,1501365.0,57203688.0
2019-12-18,22.09,6.74,4.3,219.45,30.5,0.0,166.7,37.98,38.27,37.8,38.57,37.98,1331285.0,50914599.0
2019-12-19,21.94,6.69,4.27,217.9,30.5,0.0,165.53,38.4,38.0,37.6,38.43,38.27,951449.0,36146119.0
2019-12-20,21.94,6.69,4.27,217.9,30.5,0.0,165.53,38.04,38.0,37.7,38.12,38.0,946246.0,35916765.0
2019-12-23,21.35,6.51,4.15,212.05,30.5,0.0,161.08,37.77,36.98,36.97,38.01,38.0,1334043.0,49660796.0
2019-12-24,21.42,6.53,4.17,212.79,30.5,0.0,161.65,37.01,37.11,36.82,37.23,36.98,547239.0,20257761.0
2019-12-25,21.45,6.54,4.17,213.02,30.5,0.0,161.83,37.01,37.15,36.9,37.48,37.11,600600.0,22348338.0
2019-12-26,21.44,6.54,4.17,212.97,30.5,0.0,161.78,37.09,37.14,36.86,37.44,37.15,496000.0,18408664.0
2019-12-27,21.57,6.58,4.2,214.28,30.5,0.0,162.78,37.17,37.37,37.06,37.71,37.14,682475.0,25496254.0
2019-12-30,21.5,6.56,4.18,213.6,30.5,0.0,162.26,37.37,37.25,36.56,37.4,37.37,1013274.0,37408561.69
2019-12-31,21.75,6.63,4.23,216.06,30.5,0.0,164.13,37.18,37.68,37.05,38.18,37.25,739455.0,27856059.4
2020-01-02,22.06,6.73,4.29,219.1,30.5,0.0,166.44,38.25,38.21,37.7,38.35,37.68,1008400.0,38385822.5
2020-01-03,22.21,6.77,4.32,220.59,30.5,0.0,167.58,38.64,38.47,38.21,38.9,38.21,1268301.0,48903907.56
2020-01-06,21.88,6.67,4.26,217.38,30.5,0.0,165.14,38.35,37.91,37.81,38.35,38.47,1257733.0,47822198.03
2020-01-07,22.1,6.74,4.3,219.56,30.5,0.0,166.79,38.1,38.29,37.91,38.46,37.91,790514.0,30203352.62
2020-01-08,22.02,6.71,4.28,218.7,30.5,0.0,166.14,38.29,38.14,37.86,38.76,38.29,995995.0,38096427.46
2020-01-09,22.6,6.89,4.4,224.49,30.5,0.0,170.54,38.21,39.15,38.21,39.26,38.14,1255544.0,48854771.58
2020-01-10,22.61,6.89,4.4,224.55,30.5,0.0,170.58,39.58,39.16,38.65,39.58,39.15,780302.0,30455422.22
2020-01-13,23.02,7.02,4.48,228.62,30.5,0.0,173.67,39.17,39.87,39.01,39.9,39.16,1065785.0,42253417.0
2020-01-14,22.7,6.92,4.42,225.52,30.5,0.0,171.32,39.54,39.33,39.28,40.06,39.87,939093.0,37096548.94
2020-01-15,22.47,6.85,4.37,223.17,30.5,0.0,169.54,39.46,38.92,38.75,39.75,39.33,1083460.0,42292096.72
2020-01-16,22.42,6.84,4.36,222.71,30.5,0.0,169.19,38.98,38.84,38.71,39.33,38.92,679506.0,26490768.22
2020-01-17,22.4,6.83,4.36,222.54,30.5,0.0,169.06,39.29,38.81,38.63,39.29,38.84,629274.0,24472720.8
2020-01-20,22.83,6.96,4.44,226.79,30.5,0.0,172.28,38.87,39.55,38.4,39.73,38.81,1220331.0,47901552.28
2020-01-21,22.36,6.82,4.35,222.08,30.5,0.0,168.71,39.59,38.73,38.57,39.72,39.55,769991.0,29961919.88
2020-01-22,22.28,6.8,4.34,221.34,30.5,0.0,168.14,38.6,38.6,37.85,38.89,38.73,957614.0,36744063.46
2020-01-23,21.45,6.54,4.17,213.08,30.5,0.0,161.87,38.7,37.16,36.52,38.76,38.6,1411013.0,52960753.06
2020-02-03,19.3,5.89,3.76,191.75,30.5,0.0,145.66,33.45,33.44,33.44,34.74,37.16,1708824.0,57238046.13
2020-02-04,19.65,5.99,3.82,195.19,30.5,0.0,148.28,33.7,34.04,33.5,34.33,33.44,1457245.0,49401053.13
2020-02-05,19.89,6.07,3.87,197.54,30.5,0.0,150.06,34.25,34.45,33.8,34.79,34.04,1458098.0,50023814.2
2020-02-06,19.99,6.1,3.89,198.57,30.5,0.0,150.85,34.47,34.63,33.8,34.91,34.45,1396133.0,47982900.38
2020-02-07,20.34,6.2,3.96,202.01,30.5,0.0,153.46,34.5,35.23,34.04,35.32,34.63,1113036.0,38587900.13
2020-02-10,20.72,6.32,4.03,205.86,30.5,0.0,156.38,35.73,35.9,34.91,36.05,35.23,1174363.0,41812633.07
2020-02-11,20.78,6.34,4.04,206.43,30.5,0.0,156.82,35.93,36.0,35.93,36.68,35.9,908806.0,32881867.42
